speed,height,const,theme,rating,resp_id
70,200,Steel,Dragon,9,0
40,400,Wood,Dragon,6,0
70,300,Steel,Eagle,8,0
40,400,Wood,Dragon,7,0
50,200,Steel,Eagle,1,0
50,400,Steel,Dragon,6,0
60,400,Steel,Dragon,8,0
50,200,Wood,Eagle,1,0
40,200,Steel,Dragon,5,0
70,200,Steel,Dragon,10,0
50,300,Wood,Eagle,2,0
60,300,Steel,Dragon,8,0
60,300,Wood,Dragon,9,0
60,200,Wood,Eagle,1,0
40,300,Steel,Eagle,2,0
70,200,Steel,Eagle,5,0
70,200,Steel,Dragon,7,1
40,400,Wood,Dragon,3,1
70,300,Steel,Eagle,10,1
40,400,Wood,Dragon,1,1
50,200,Steel,Eagle,4,1
50,400,Steel,Dragon,3,1
60,400,Steel,Dragon,5,1
50,200,Wood,Eagle,1,1
40,200,Steel,Dragon,3,1
70,200,Steel,Dragon,5,1
50,300,Wood,Eagle,1,1
60,300,Steel,Dragon,4,1
60,300,Wood,Dragon,3,1
60,200,Wood,Eagle,1,1
40,300,Steel,Eagle,5,1
70,200,Steel,Eagle,5,1
70,200,Steel,Dragon,6,2
40,400,Wood,Dragon,1,2
70,300,Steel,Eagle,10,2
40,400,Wood,Dragon,2,2
50,200,Steel,Eagle,2,2
50,400,Steel,Dragon,6,2
60,400,Steel,Dragon,5,2
50,200,Wood,Eagle,1,2
40,200,Steel,Dragon,3,2
70,200,Steel,Dragon,4,2
50,300,Wood,Eagle,2,2
60,300,Steel,Dragon,1,2
60,300,Wood,Dragon,4,2
60,200,Wood,Eagle,1,2
40,300,Steel,Eagle,5,2
70,200,Steel,Eagle,7,2
70,200,Steel,Dragon,10,3
40,400,Wood,Dragon,5,3
70,300,Steel,Eagle,9,3
40,400,Wood,Dragon,5,3
50,200,Steel,Eagle,1,3
50,400,Steel,Dragon,6,3
60,400,Steel,Dragon,6,3
50,200,Wood,Eagle,3,3
40,200,Steel,Dragon,1,3
70,200,Steel,Dragon,10,3
50,300,Wood,Eagle,8,3
60,300,Steel,Dragon,7,3
60,300,Wood,Dragon,9,3
60,200,Wood,Eagle,3,3
40,300,Steel,Eagle,5,3
70,200,Steel,Eagle,6,3
70,200,Steel,Dragon,6,4
40,400,Wood,Dragon,4,4
70,300,Steel,Eagle,9,4
40,400,Wood,Dragon,5,4
50,200,Steel,Eagle,6,4
50,400,Steel,Dragon,3,4
60,400,Steel,Dragon,4,4
50,200,Wood,Eagle,6,4
40,200,Steel,Dragon,1,4
70,200,Steel,Dragon,9,4
50,300,Wood,Eagle,10,4
60,300,Steel,Dragon,6,4
60,300,Wood,Dragon,10,4
60,200,Wood,Eagle,8,4
40,300,Steel,Eagle,3,4
70,200,Steel,Eagle,6,4
70,200,Steel,Dragon,9,5
40,400,Wood,Dragon,2,5
70,300,Steel,Eagle,9,5
40,400,Wood,Dragon,2,5
50,200,Steel,Eagle,1,5
50,400,Steel,Dragon,5,5
60,400,Steel,Dragon,3,5
50,200,Wood,Eagle,6,5
40,200,Steel,Dragon,3,5
70,200,Steel,Dragon,5,5
50,300,Wood,Eagle,10,5
60,300,Steel,Dragon,9,5
60,300,Wood,Dragon,10,5
60,200,Wood,Eagle,4,5
40,300,Steel,Eagle,6,5
70,200,Steel,Eagle,7,5
70,200,Steel,Dragon,8,6
40,400,Wood,Dragon,8,6
70,300,Steel,Eagle,10,6
40,400,Wood,Dragon,6,6
50,200,Steel,Eagle,6,6
50,400,Steel,Dragon,7,6
60,400,Steel,Dragon,5,6
50,200,Wood,Eagle,5,6
40,200,Steel,Dragon,1,6
70,200,Steel,Dragon,5,6
50,300,Wood,Eagle,9,6
60,300,Steel,Dragon,3,6
60,300,Wood,Dragon,7,6
60,200,Wood,Eagle,5,6
40,300,Steel,Eagle,8,6
70,200,Steel,Eagle,9,6
70,200,Steel,Dragon,8,7
40,400,Wood,Dragon,5,7
70,300,Steel,Eagle,10,7
40,400,Wood,Dragon,10,7
50,200,Steel,Eagle,4,7
50,400,Steel,Dragon,1,7
60,400,Steel,Dragon,5,7
50,200,Wood,Eagle,8,7
40,200,Steel,Dragon,3,7
70,200,Steel,Dragon,8,7
50,300,Wood,Eagle,10,7
60,300,Steel,Dragon,3,7
60,300,Wood,Dragon,10,7
60,200,Wood,Eagle,7,7
40,300,Steel,Eagle,4,7
70,200,Steel,Eagle,7,7
70,200,Steel,Dragon,8,8
40,400,Wood,Dragon,1,8
70,300,Steel,Eagle,10,8
40,400,Wood,Dragon,1,8
50,200,Steel,Eagle,2,8
50,400,Steel,Dragon,3,8
60,400,Steel,Dragon,7,8
50,200,Wood,Eagle,3,8
40,200,Steel,Dragon,3,8
70,200,Steel,Dragon,7,8
50,300,Wood,Eagle,3,8
60,300,Steel,Dragon,7,8
60,300,Wood,Dragon,5,8
60,200,Wood,Eagle,2,8
40,300,Steel,Eagle,7,8
70,200,Steel,Eagle,5,8
70,200,Steel,Dragon,7,9
40,400,Wood,Dragon,4,9
70,300,Steel,Eagle,10,9
40,400,Wood,Dragon,5,9
50,200,Steel,Eagle,4,9
50,400,Steel,Dragon,5,9
60,400,Steel,Dragon,6,9
50,200,Wood,Eagle,1,9
40,200,Steel,Dragon,3,9
70,200,Steel,Dragon,10,9
50,300,Wood,Eagle,6,9
60,300,Steel,Dragon,9,9
60,300,Wood,Dragon,10,9
60,200,Wood,Eagle,3,9
40,300,Steel,Eagle,5,9
70,200,Steel,Eagle,8,9
70,200,Steel,Dragon,7,10
40,400,Wood,Dragon,4,10
70,300,Steel,Eagle,10,10
40,400,Wood,Dragon,7,10
50,200,Steel,Eagle,1,10
50,400,Steel,Dragon,9,10
60,400,Steel,Dragon,8,10
50,200,Wood,Eagle,4,10
40,200,Steel,Dragon,2,10
70,200,Steel,Dragon,6,10
50,300,Wood,Eagle,5,10
60,300,Steel,Dragon,7,10
60,300,Wood,Dragon,8,10
60,200,Wood,Eagle,5,10
40,300,Steel,Eagle,4,10
70,200,Steel,Eagle,6,10
70,200,Steel,Dragon,5,11
40,400,Wood,Dragon,1,11
70,300,Steel,Eagle,10,11
40,400,Wood,Dragon,2,11
50,200,Steel,Eagle,4,11
50,400,Steel,Dragon,6,11
60,400,Steel,Dragon,5,11
50,200,Wood,Eagle,2,11
40,200,Steel,Dragon,1,11
70,200,Steel,Dragon,10,11
50,300,Wood,Eagle,4,11
60,300,Steel,Dragon,8,11
60,300,Wood,Dragon,4,11
60,200,Wood,Eagle,5,11
40,300,Steel,Eagle,3,11
70,200,Steel,Eagle,9,11
70,200,Steel,Dragon,8,12
40,400,Wood,Dragon,5,12
70,300,Steel,Eagle,10,12
40,400,Wood,Dragon,2,12
50,200,Steel,Eagle,1,12
50,400,Steel,Dragon,6,12
60,400,Steel,Dragon,7,12
50,200,Wood,Eagle,1,12
40,200,Steel,Dragon,1,12
70,200,Steel,Dragon,5,12
50,300,Wood,Eagle,6,12
60,300,Steel,Dragon,8,12
60,300,Wood,Dragon,4,12
60,200,Wood,Eagle,4,12
40,300,Steel,Eagle,2,12
70,200,Steel,Eagle,5,12
70,200,Steel,Dragon,8,13
40,400,Wood,Dragon,9,13
70,300,Steel,Eagle,9,13
40,400,Wood,Dragon,9,13
50,200,Steel,Eagle,1,13
50,400,Steel,Dragon,8,13
60,400,Steel,Dragon,5,13
50,200,Wood,Eagle,3,13
40,200,Steel,Dragon,2,13
70,200,Steel,Dragon,10,13
50,300,Wood,Eagle,5,13
60,300,Steel,Dragon,6,13
60,300,Wood,Dragon,8,13
60,200,Wood,Eagle,5,13
40,300,Steel,Eagle,2,13
70,200,Steel,Eagle,5,13
70,200,Steel,Dragon,6,14
40,400,Wood,Dragon,3,14
70,300,Steel,Eagle,10,14
40,400,Wood,Dragon,6,14
50,200,Steel,Eagle,3,14
50,400,Steel,Dragon,5,14
60,400,Steel,Dragon,5,14
50,200,Wood,Eagle,3,14
40,200,Steel,Dragon,4,14
70,200,Steel,Dragon,7,14
50,300,Wood,Eagle,4,14
60,300,Steel,Dragon,4,14
60,300,Wood,Dragon,9,14
60,200,Wood,Eagle,1,14
40,300,Steel,Eagle,1,14
70,200,Steel,Eagle,5,14
70,200,Steel,Dragon,9,15
40,400,Wood,Dragon,5,15
70,300,Steel,Eagle,10,15
40,400,Wood,Dragon,4,15
50,200,Steel,Eagle,1,15
50,400,Steel,Dragon,6,15
60,400,Steel,Dragon,6,15
50,200,Wood,Eagle,1,15
40,200,Steel,Dragon,6,15
70,200,Steel,Dragon,9,15
50,300,Wood,Eagle,3,15
60,300,Steel,Dragon,8,15
60,300,Wood,Dragon,7,15
60,200,Wood,Eagle,4,15
40,300,Steel,Eagle,2,15
70,200,Steel,Eagle,6,15
70,200,Steel,Dragon,9,16
40,400,Wood,Dragon,7,16
70,300,Steel,Eagle,10,16
40,400,Wood,Dragon,8,16
50,200,Steel,Eagle,4,16
50,400,Steel,Dragon,6,16
60,400,Steel,Dragon,6,16
50,200,Wood,Eagle,1,16
40,200,Steel,Dragon,4,16
70,200,Steel,Dragon,7,16
50,300,Wood,Eagle,9,16
60,300,Steel,Dragon,10,16
60,300,Wood,Dragon,10,16
60,200,Wood,Eagle,3,16
40,300,Steel,Eagle,9,16
70,200,Steel,Eagle,6,16
70,200,Steel,Dragon,7,17
40,400,Wood,Dragon,7,17
70,300,Steel,Eagle,10,17
40,400,Wood,Dragon,10,17
50,200,Steel,Eagle,4,17
50,400,Steel,Dragon,8,17
60,400,Steel,Dragon,7,17
50,200,Wood,Eagle,1,17
40,200,Steel,Dragon,4,17
70,200,Steel,Dragon,7,17
50,300,Wood,Eagle,4,17
60,300,Steel,Dragon,7,17
60,300,Wood,Dragon,8,17
60,200,Wood,Eagle,4,17
40,300,Steel,Eagle,1,17
70,200,Steel,Eagle,10,17
70,200,Steel,Dragon,5,18
40,400,Wood,Dragon,6,18
70,300,Steel,Eagle,10,18
40,400,Wood,Dragon,3,18
50,200,Steel,Eagle,1,18
50,400,Steel,Dragon,6,18
60,400,Steel,Dragon,6,18
50,200,Wood,Eagle,3,18
40,200,Steel,Dragon,4,18
70,200,Steel,Dragon,10,18
50,300,Wood,Eagle,6,18
60,300,Steel,Dragon,10,18
60,300,Wood,Dragon,8,18
60,200,Wood,Eagle,3,18
40,300,Steel,Eagle,4,18
70,200,Steel,Eagle,10,18
70,200,Steel,Dragon,3,19
40,400,Wood,Dragon,4,19
70,300,Steel,Eagle,10,19
40,400,Wood,Dragon,2,19
50,200,Steel,Eagle,6,19
50,400,Steel,Dragon,7,19
60,400,Steel,Dragon,6,19
50,200,Wood,Eagle,3,19
40,200,Steel,Dragon,1,19
70,200,Steel,Dragon,6,19
50,300,Wood,Eagle,6,19
60,300,Steel,Dragon,10,19
60,300,Wood,Dragon,4,19
60,200,Wood,Eagle,5,19
40,300,Steel,Eagle,5,19
70,200,Steel,Eagle,8,19
70,200,Steel,Dragon,5,20
40,400,Wood,Dragon,4,20
70,300,Steel,Eagle,10,20
40,400,Wood,Dragon,4,20
50,200,Steel,Eagle,2,20
50,400,Steel,Dragon,3,20
60,400,Steel,Dragon,6,20
50,200,Wood,Eagle,2,20
40,200,Steel,Dragon,3,20
70,200,Steel,Dragon,10,20
50,300,Wood,Eagle,4,20
60,300,Steel,Dragon,9,20
60,300,Wood,Dragon,7,20
60,200,Wood,Eagle,1,20
40,300,Steel,Eagle,6,20
70,200,Steel,Eagle,8,20
70,200,Steel,Dragon,9,21
40,400,Wood,Dragon,4,21
70,300,Steel,Eagle,10,21
40,400,Wood,Dragon,2,21
50,200,Steel,Eagle,2,21
50,400,Steel,Dragon,3,21
60,400,Steel,Dragon,8,21
50,200,Wood,Eagle,1,21
40,200,Steel,Dragon,3,21
70,200,Steel,Dragon,7,21
50,300,Wood,Eagle,6,21
60,300,Steel,Dragon,7,21
60,300,Wood,Dragon,5,21
60,200,Wood,Eagle,4,21
40,300,Steel,Eagle,5,21
70,200,Steel,Eagle,9,21
70,200,Steel,Dragon,7,22
40,400,Wood,Dragon,2,22
70,300,Steel,Eagle,10,22
40,400,Wood,Dragon,1,22
50,200,Steel,Eagle,2,22
50,400,Steel,Dragon,3,22
60,400,Steel,Dragon,2,22
50,200,Wood,Eagle,2,22
40,200,Steel,Dragon,2,22
70,200,Steel,Dragon,9,22
50,300,Wood,Eagle,5,22
60,300,Steel,Dragon,6,22
60,300,Wood,Dragon,5,22
60,200,Wood,Eagle,4,22
40,300,Steel,Eagle,7,22
70,200,Steel,Eagle,7,22
70,200,Steel,Dragon,9,23
40,400,Wood,Dragon,2,23
70,300,Steel,Eagle,10,23
40,400,Wood,Dragon,5,23
50,200,Steel,Eagle,1,23
50,400,Steel,Dragon,1,23
60,400,Steel,Dragon,8,23
50,200,Wood,Eagle,2,23
40,200,Steel,Dragon,6,23
70,200,Steel,Dragon,10,23
50,300,Wood,Eagle,6,23
60,300,Steel,Dragon,9,23
60,300,Wood,Dragon,10,23
60,200,Wood,Eagle,2,23
40,300,Steel,Eagle,7,23
70,200,Steel,Eagle,8,23
70,200,Steel,Dragon,8,24
40,400,Wood,Dragon,6,24
70,300,Steel,Eagle,9,24
40,400,Wood,Dragon,8,24
50,200,Steel,Eagle,1,24
50,400,Steel,Dragon,6,24
60,400,Steel,Dragon,7,24
50,200,Wood,Eagle,2,24
40,200,Steel,Dragon,2,24
70,200,Steel,Dragon,7,24
50,300,Wood,Eagle,3,24
60,300,Steel,Dragon,10,24
60,300,Wood,Dragon,7,24
60,200,Wood,Eagle,1,24
40,300,Steel,Eagle,4,24
70,200,Steel,Eagle,5,24
70,200,Steel,Dragon,5,25
40,400,Wood,Dragon,1,25
70,300,Steel,Eagle,10,25
40,400,Wood,Dragon,3,25
50,200,Steel,Eagle,5,25
50,400,Steel,Dragon,1,25
60,400,Steel,Dragon,5,25
50,200,Wood,Eagle,3,25
40,200,Steel,Dragon,1,25
70,200,Steel,Dragon,4,25
50,300,Wood,Eagle,5,25
60,300,Steel,Dragon,8,25
60,300,Wood,Dragon,6,25
60,200,Wood,Eagle,6,25
40,300,Steel,Eagle,8,25
70,200,Steel,Eagle,4,25
70,200,Steel,Dragon,10,26
40,400,Wood,Dragon,4,26
70,300,Steel,Eagle,10,26
40,400,Wood,Dragon,5,26
50,200,Steel,Eagle,8,26
50,400,Steel,Dragon,7,26
60,400,Steel,Dragon,9,26
50,200,Wood,Eagle,1,26
40,200,Steel,Dragon,6,26
70,200,Steel,Dragon,7,26
50,300,Wood,Eagle,7,26
60,300,Steel,Dragon,9,26
60,300,Wood,Dragon,9,26
60,200,Wood,Eagle,4,26
40,300,Steel,Eagle,6,26
70,200,Steel,Eagle,9,26
70,200,Steel,Dragon,5,27
40,400,Wood,Dragon,7,27
70,300,Steel,Eagle,10,27
40,400,Wood,Dragon,6,27
50,200,Steel,Eagle,1,27
50,400,Steel,Dragon,7,27
60,400,Steel,Dragon,3,27
50,200,Wood,Eagle,4,27
40,200,Steel,Dragon,3,27
70,200,Steel,Dragon,9,27
50,300,Wood,Eagle,10,27
60,300,Steel,Dragon,7,27
60,300,Wood,Dragon,9,27
60,200,Wood,Eagle,7,27
40,300,Steel,Eagle,4,27
70,200,Steel,Eagle,5,27
70,200,Steel,Dragon,10,28
40,400,Wood,Dragon,1,28
70,300,Steel,Eagle,9,28
40,400,Wood,Dragon,10,28
50,200,Steel,Eagle,2,28
50,400,Steel,Dragon,8,28
60,400,Steel,Dragon,10,28
50,200,Wood,Eagle,1,28
40,200,Steel,Dragon,4,28
70,200,Steel,Dragon,10,28
50,300,Wood,Eagle,5,28
60,300,Steel,Dragon,5,28
60,300,Wood,Dragon,10,28
60,200,Wood,Eagle,3,28
40,300,Steel,Eagle,2,28
70,200,Steel,Eagle,2,28
70,200,Steel,Dragon,8,29
40,400,Wood,Dragon,6,29
70,300,Steel,Eagle,8,29
40,400,Wood,Dragon,7,29
50,200,Steel,Eagle,4,29
50,400,Steel,Dragon,7,29
60,400,Steel,Dragon,10,29
50,200,Wood,Eagle,1,29
40,200,Steel,Dragon,5,29
70,200,Steel,Dragon,7,29
50,300,Wood,Eagle,4,29
60,300,Steel,Dragon,10,29
60,300,Wood,Dragon,9,29
60,200,Wood,Eagle,3,29
40,300,Steel,Eagle,7,29
70,200,Steel,Eagle,6,29
70,200,Steel,Dragon,4,30
40,400,Wood,Dragon,8,30
70,300,Steel,Eagle,9,30
40,400,Wood,Dragon,8,30
50,200,Steel,Eagle,1,30
50,400,Steel,Dragon,6,30
60,400,Steel,Dragon,8,30
50,200,Wood,Eagle,7,30
40,200,Steel,Dragon,1,30
70,200,Steel,Dragon,6,30
50,300,Wood,Eagle,7,30
60,300,Steel,Dragon,9,30
60,300,Wood,Dragon,10,30
60,200,Wood,Eagle,4,30
40,300,Steel,Eagle,3,30
70,200,Steel,Eagle,5,30
70,200,Steel,Dragon,9,31
40,400,Wood,Dragon,1,31
70,300,Steel,Eagle,10,31
40,400,Wood,Dragon,4,31
50,200,Steel,Eagle,4,31
50,400,Steel,Dragon,10,31
60,400,Steel,Dragon,10,31
50,200,Wood,Eagle,1,31
40,200,Steel,Dragon,8,31
70,200,Steel,Dragon,10,31
50,300,Wood,Eagle,7,31
60,300,Steel,Dragon,10,31
60,300,Wood,Dragon,5,31
60,200,Wood,Eagle,1,31
40,300,Steel,Eagle,8,31
70,200,Steel,Eagle,6,31
70,200,Steel,Dragon,8,32
40,400,Wood,Dragon,6,32
70,300,Steel,Eagle,10,32
40,400,Wood,Dragon,5,32
50,200,Steel,Eagle,4,32
50,400,Steel,Dragon,10,32
60,400,Steel,Dragon,7,32
50,200,Wood,Eagle,1,32
40,200,Steel,Dragon,3,32
70,200,Steel,Dragon,8,32
50,300,Wood,Eagle,7,32
60,300,Steel,Dragon,9,32
60,300,Wood,Dragon,7,32
60,200,Wood,Eagle,4,32
40,300,Steel,Eagle,7,32
70,200,Steel,Eagle,5,32
70,200,Steel,Dragon,7,33
40,400,Wood,Dragon,1,33
70,300,Steel,Eagle,10,33
40,400,Wood,Dragon,2,33
50,200,Steel,Eagle,1,33
50,400,Steel,Dragon,4,33
60,400,Steel,Dragon,3,33
50,200,Wood,Eagle,1,33
40,200,Steel,Dragon,2,33
70,200,Steel,Dragon,9,33
50,300,Wood,Eagle,6,33
60,300,Steel,Dragon,5,33
60,300,Wood,Dragon,3,33
60,200,Wood,Eagle,2,33
40,300,Steel,Eagle,2,33
70,200,Steel,Eagle,6,33
70,200,Steel,Dragon,7,34
40,400,Wood,Dragon,9,34
70,300,Steel,Eagle,8,34
40,400,Wood,Dragon,6,34
50,200,Steel,Eagle,5,34
50,400,Steel,Dragon,2,34
60,400,Steel,Dragon,5,34
50,200,Wood,Eagle,4,34
40,200,Steel,Dragon,2,34
70,200,Steel,Dragon,6,34
50,300,Wood,Eagle,10,34
60,300,Steel,Dragon,5,34
60,300,Wood,Dragon,9,34
60,200,Wood,Eagle,7,34
40,300,Steel,Eagle,1,34
70,200,Steel,Eagle,6,34
70,200,Steel,Dragon,6,35
40,400,Wood,Dragon,3,35
70,300,Steel,Eagle,5,35
40,400,Wood,Dragon,6,35
50,200,Steel,Eagle,1,35
50,400,Steel,Dragon,6,35
60,400,Steel,Dragon,8,35
50,200,Wood,Eagle,3,35
40,200,Steel,Dragon,3,35
70,200,Steel,Dragon,10,35
50,300,Wood,Eagle,1,35
60,300,Steel,Dragon,9,35
60,300,Wood,Dragon,4,35
60,200,Wood,Eagle,2,35
40,300,Steel,Eagle,2,35
70,200,Steel,Eagle,8,35
70,200,Steel,Dragon,9,36
40,400,Wood,Dragon,10,36
70,300,Steel,Eagle,7,36
40,400,Wood,Dragon,8,36
50,200,Steel,Eagle,1,36
50,400,Steel,Dragon,7,36
60,400,Steel,Dragon,10,36
50,200,Wood,Eagle,4,36
40,200,Steel,Dragon,2,36
70,200,Steel,Dragon,9,36
50,300,Wood,Eagle,5,36
60,300,Steel,Dragon,9,36
60,300,Wood,Dragon,10,36
60,200,Wood,Eagle,7,36
40,300,Steel,Eagle,9,36
70,200,Steel,Eagle,7,36
70,200,Steel,Dragon,5,37
40,400,Wood,Dragon,7,37
70,300,Steel,Eagle,8,37
40,400,Wood,Dragon,1,37
50,200,Steel,Eagle,1,37
50,400,Steel,Dragon,3,37
60,400,Steel,Dragon,1,37
50,200,Wood,Eagle,1,37
40,200,Steel,Dragon,4,37
70,200,Steel,Dragon,10,37
50,300,Wood,Eagle,2,37
60,300,Steel,Dragon,10,37
60,300,Wood,Dragon,8,37
60,200,Wood,Eagle,6,37
40,300,Steel,Eagle,6,37
70,200,Steel,Eagle,5,37
70,200,Steel,Dragon,9,38
40,400,Wood,Dragon,4,38
70,300,Steel,Eagle,10,38
40,400,Wood,Dragon,4,38
50,200,Steel,Eagle,2,38
50,400,Steel,Dragon,3,38
60,400,Steel,Dragon,6,38
50,200,Wood,Eagle,1,38
40,200,Steel,Dragon,2,38
70,200,Steel,Dragon,10,38
50,300,Wood,Eagle,7,38
60,300,Steel,Dragon,9,38
60,300,Wood,Dragon,8,38
60,200,Wood,Eagle,5,38
40,300,Steel,Eagle,7,38
70,200,Steel,Eagle,6,38
70,200,Steel,Dragon,9,39
40,400,Wood,Dragon,7,39
70,300,Steel,Eagle,9,39
40,400,Wood,Dragon,2,39
50,200,Steel,Eagle,4,39
50,400,Steel,Dragon,4,39
60,400,Steel,Dragon,6,39
50,200,Wood,Eagle,4,39
40,200,Steel,Dragon,1,39
70,200,Steel,Dragon,10,39
50,300,Wood,Eagle,7,39
60,300,Steel,Dragon,6,39
60,300,Wood,Dragon,9,39
60,200,Wood,Eagle,7,39
40,300,Steel,Eagle,6,39
70,200,Steel,Eagle,7,39
70,200,Steel,Dragon,10,40
40,400,Wood,Dragon,3,40
70,300,Steel,Eagle,10,40
40,400,Wood,Dragon,5,40
50,200,Steel,Eagle,1,40
50,400,Steel,Dragon,6,40
60,400,Steel,Dragon,6,40
50,200,Wood,Eagle,1,40
40,200,Steel,Dragon,2,40
70,200,Steel,Dragon,8,40
50,300,Wood,Eagle,5,40
60,300,Steel,Dragon,7,40
60,300,Wood,Dragon,8,40
60,200,Wood,Eagle,3,40
40,300,Steel,Eagle,4,40
70,200,Steel,Eagle,5,40
70,200,Steel,Dragon,5,41
40,400,Wood,Dragon,2,41
70,300,Steel,Eagle,10,41
40,400,Wood,Dragon,1,41
50,200,Steel,Eagle,3,41
50,400,Steel,Dragon,2,41
60,400,Steel,Dragon,5,41
50,200,Wood,Eagle,2,41
40,200,Steel,Dragon,3,41
70,200,Steel,Dragon,5,41
50,300,Wood,Eagle,1,41
60,300,Steel,Dragon,8,41
60,300,Wood,Dragon,6,41
60,200,Wood,Eagle,4,41
40,300,Steel,Eagle,4,41
70,200,Steel,Eagle,8,41
70,200,Steel,Dragon,5,42
40,400,Wood,Dragon,3,42
70,300,Steel,Eagle,10,42
40,400,Wood,Dragon,1,42
50,200,Steel,Eagle,4,42
50,400,Steel,Dragon,4,42
60,400,Steel,Dragon,4,42
50,200,Wood,Eagle,7,42
40,200,Steel,Dragon,1,42
70,200,Steel,Dragon,6,42
50,300,Wood,Eagle,6,42
60,300,Steel,Dragon,7,42
60,300,Wood,Dragon,6,42
60,200,Wood,Eagle,7,42
40,300,Steel,Eagle,6,42
70,200,Steel,Eagle,10,42
70,200,Steel,Dragon,6,43
40,400,Wood,Dragon,1,43
70,300,Steel,Eagle,10,43
40,400,Wood,Dragon,3,43
50,200,Steel,Eagle,4,43
50,400,Steel,Dragon,1,43
60,400,Steel,Dragon,4,43
50,200,Wood,Eagle,1,43
40,200,Steel,Dragon,1,43
70,200,Steel,Dragon,7,43
50,300,Wood,Eagle,5,43
60,300,Steel,Dragon,2,43
60,300,Wood,Dragon,2,43
60,200,Wood,Eagle,1,43
40,300,Steel,Eagle,4,43
70,200,Steel,Eagle,8,43
70,200,Steel,Dragon,6,44
40,400,Wood,Dragon,4,44
70,300,Steel,Eagle,10,44
40,400,Wood,Dragon,3,44
50,200,Steel,Eagle,4,44
50,400,Steel,Dragon,3,44
60,400,Steel,Dragon,4,44
50,200,Wood,Eagle,2,44
40,200,Steel,Dragon,1,44
70,200,Steel,Dragon,6,44
50,300,Wood,Eagle,4,44
60,300,Steel,Dragon,6,44
60,300,Wood,Dragon,6,44
60,200,Wood,Eagle,4,44
40,300,Steel,Eagle,3,44
70,200,Steel,Eagle,4,44
70,200,Steel,Dragon,4,45
40,400,Wood,Dragon,1,45
70,300,Steel,Eagle,10,45
40,400,Wood,Dragon,4,45
50,200,Steel,Eagle,2,45
50,400,Steel,Dragon,2,45
60,400,Steel,Dragon,4,45
50,200,Wood,Eagle,5,45
40,200,Steel,Dragon,1,45
70,200,Steel,Dragon,5,45
50,300,Wood,Eagle,6,45
60,300,Steel,Dragon,6,45
60,300,Wood,Dragon,7,45
60,200,Wood,Eagle,3,45
40,300,Steel,Eagle,4,45
70,200,Steel,Eagle,5,45
70,200,Steel,Dragon,5,46
40,400,Wood,Dragon,4,46
70,300,Steel,Eagle,7,46
40,400,Wood,Dragon,9,46
50,200,Steel,Eagle,4,46
50,400,Steel,Dragon,3,46
60,400,Steel,Dragon,6,46
50,200,Wood,Eagle,7,46
40,200,Steel,Dragon,1,46
70,200,Steel,Dragon,6,46
50,300,Wood,Eagle,4,46
60,300,Steel,Dragon,6,46
60,300,Wood,Dragon,10,46
60,200,Wood,Eagle,9,46
40,300,Steel,Eagle,2,46
70,200,Steel,Eagle,3,46
70,200,Steel,Dragon,6,47
40,400,Wood,Dragon,5,47
70,300,Steel,Eagle,10,47
40,400,Wood,Dragon,7,47
50,200,Steel,Eagle,3,47
50,400,Steel,Dragon,3,47
60,400,Steel,Dragon,6,47
50,200,Wood,Eagle,1,47
40,200,Steel,Dragon,2,47
70,200,Steel,Dragon,8,47
50,300,Wood,Eagle,10,47
60,300,Steel,Dragon,7,47
60,300,Wood,Dragon,10,47
60,200,Wood,Eagle,1,47
40,300,Steel,Eagle,4,47
70,200,Steel,Eagle,7,47
70,200,Steel,Dragon,9,48
40,400,Wood,Dragon,4,48
70,300,Steel,Eagle,10,48
40,400,Wood,Dragon,3,48
50,200,Steel,Eagle,6,48
50,400,Steel,Dragon,7,48
60,400,Steel,Dragon,7,48
50,200,Wood,Eagle,1,48
40,200,Steel,Dragon,3,48
70,200,Steel,Dragon,9,48
50,300,Wood,Eagle,9,48
60,300,Steel,Dragon,10,48
60,300,Wood,Dragon,7,48
60,200,Wood,Eagle,2,48
40,300,Steel,Eagle,8,48
70,200,Steel,Eagle,9,48
70,200,Steel,Dragon,6,49
40,400,Wood,Dragon,3,49
70,300,Steel,Eagle,9,49
40,400,Wood,Dragon,5,49
50,200,Steel,Eagle,1,49
50,400,Steel,Dragon,5,49
60,400,Steel,Dragon,3,49
50,200,Wood,Eagle,3,49
40,200,Steel,Dragon,2,49
70,200,Steel,Dragon,10,49
50,300,Wood,Eagle,6,49
60,300,Steel,Dragon,6,49
60,300,Wood,Dragon,6,49
60,200,Wood,Eagle,5,49
40,300,Steel,Eagle,7,49
70,200,Steel,Eagle,8,49
70,200,Steel,Dragon,5,50
40,400,Wood,Dragon,4,50
70,300,Steel,Eagle,8,50
40,400,Wood,Dragon,6,50
50,200,Steel,Eagle,6,50
50,400,Steel,Dragon,6,50
60,400,Steel,Dragon,7,50
50,200,Wood,Eagle,4,50
40,200,Steel,Dragon,1,50
70,200,Steel,Dragon,7,50
50,300,Wood,Eagle,9,50
60,300,Steel,Dragon,10,50
60,300,Wood,Dragon,10,50
60,200,Wood,Eagle,6,50
40,300,Steel,Eagle,8,50
70,200,Steel,Eagle,7,50
70,200,Steel,Dragon,6,51
40,400,Wood,Dragon,1,51
70,300,Steel,Eagle,10,51
40,400,Wood,Dragon,4,51
50,200,Steel,Eagle,6,51
50,400,Steel,Dragon,1,51
60,400,Steel,Dragon,5,51
50,200,Wood,Eagle,6,51
40,200,Steel,Dragon,4,51
70,200,Steel,Dragon,8,51
50,300,Wood,Eagle,10,51
60,300,Steel,Dragon,7,51
60,300,Wood,Dragon,9,51
60,200,Wood,Eagle,7,51
40,300,Steel,Eagle,10,51
70,200,Steel,Eagle,9,51
70,200,Steel,Dragon,10,52
40,400,Wood,Dragon,4,52
70,300,Steel,Eagle,10,52
40,400,Wood,Dragon,1,52
50,200,Steel,Eagle,1,52
50,400,Steel,Dragon,3,52
60,400,Steel,Dragon,4,52
50,200,Wood,Eagle,3,52
40,200,Steel,Dragon,1,52
70,200,Steel,Dragon,4,52
50,300,Wood,Eagle,7,52
60,300,Steel,Dragon,5,52
60,300,Wood,Dragon,8,52
60,200,Wood,Eagle,2,52
40,300,Steel,Eagle,2,52
70,200,Steel,Eagle,7,52
70,200,Steel,Dragon,10,53
40,400,Wood,Dragon,5,53
70,300,Steel,Eagle,6,53
40,400,Wood,Dragon,9,53
50,200,Steel,Eagle,3,53
50,400,Steel,Dragon,3,53
60,400,Steel,Dragon,1,53
50,200,Wood,Eagle,5,53
40,200,Steel,Dragon,1,53
70,200,Steel,Dragon,5,53
50,300,Wood,Eagle,6,53
60,300,Steel,Dragon,8,53
60,300,Wood,Dragon,7,53
60,200,Wood,Eagle,7,53
40,300,Steel,Eagle,2,53
70,200,Steel,Eagle,10,53
70,200,Steel,Dragon,8,54
40,400,Wood,Dragon,7,54
70,300,Steel,Eagle,10,54
40,400,Wood,Dragon,6,54
50,200,Steel,Eagle,5,54
50,400,Steel,Dragon,10,54
60,400,Steel,Dragon,6,54
50,200,Wood,Eagle,1,54
40,200,Steel,Dragon,5,54
70,200,Steel,Dragon,9,54
50,300,Wood,Eagle,5,54
60,300,Steel,Dragon,7,54
60,300,Wood,Dragon,6,54
60,200,Wood,Eagle,5,54
40,300,Steel,Eagle,5,54
70,200,Steel,Eagle,7,54
70,200,Steel,Dragon,5,55
40,400,Wood,Dragon,4,55
70,300,Steel,Eagle,10,55
40,400,Wood,Dragon,1,55
50,200,Steel,Eagle,1,55
50,400,Steel,Dragon,4,55
60,400,Steel,Dragon,5,55
50,200,Wood,Eagle,3,55
40,200,Steel,Dragon,3,55
70,200,Steel,Dragon,7,55
50,300,Wood,Eagle,7,55
60,300,Steel,Dragon,5,55
60,300,Wood,Dragon,6,55
60,200,Wood,Eagle,4,55
40,300,Steel,Eagle,6,55
70,200,Steel,Eagle,4,55
70,200,Steel,Dragon,8,56
40,400,Wood,Dragon,2,56
70,300,Steel,Eagle,10,56
40,400,Wood,Dragon,2,56
50,200,Steel,Eagle,1,56
50,400,Steel,Dragon,4,56
60,400,Steel,Dragon,4,56
50,200,Wood,Eagle,7,56
40,200,Steel,Dragon,2,56
70,200,Steel,Dragon,6,56
50,300,Wood,Eagle,3,56
60,300,Steel,Dragon,5,56
60,300,Wood,Dragon,8,56
60,200,Wood,Eagle,6,56
40,300,Steel,Eagle,4,56
70,200,Steel,Eagle,10,56
70,200,Steel,Dragon,9,57
40,400,Wood,Dragon,8,57
70,300,Steel,Eagle,10,57
40,400,Wood,Dragon,4,57
50,200,Steel,Eagle,1,57
50,400,Steel,Dragon,7,57
60,400,Steel,Dragon,7,57
50,200,Wood,Eagle,4,57
40,200,Steel,Dragon,6,57
70,200,Steel,Dragon,10,57
50,300,Wood,Eagle,4,57
60,300,Steel,Dragon,8,57
60,300,Wood,Dragon,9,57
60,200,Wood,Eagle,2,57
40,300,Steel,Eagle,4,57
70,200,Steel,Eagle,7,57
70,200,Steel,Dragon,10,58
40,400,Wood,Dragon,3,58
70,300,Steel,Eagle,9,58
40,400,Wood,Dragon,4,58
50,200,Steel,Eagle,4,58
50,400,Steel,Dragon,8,58
60,400,Steel,Dragon,6,58
50,200,Wood,Eagle,1,58
40,200,Steel,Dragon,3,58
70,200,Steel,Dragon,10,58
50,300,Wood,Eagle,5,58
60,300,Steel,Dragon,10,58
60,300,Wood,Dragon,9,58
60,200,Wood,Eagle,2,58
40,300,Steel,Eagle,8,58
70,200,Steel,Eagle,4,58
70,200,Steel,Dragon,8,59
40,400,Wood,Dragon,3,59
70,300,Steel,Eagle,10,59
40,400,Wood,Dragon,4,59
50,200,Steel,Eagle,1,59
50,400,Steel,Dragon,4,59
60,400,Steel,Dragon,4,59
50,200,Wood,Eagle,3,59
40,200,Steel,Dragon,1,59
70,200,Steel,Dragon,8,59
50,300,Wood,Eagle,8,59
60,300,Steel,Dragon,6,59
60,300,Wood,Dragon,7,59
60,200,Wood,Eagle,2,59
40,300,Steel,Eagle,5,59
70,200,Steel,Eagle,7,59
70,200,Steel,Dragon,8,60
40,400,Wood,Dragon,3,60
70,300,Steel,Eagle,10,60
40,400,Wood,Dragon,3,60
50,200,Steel,Eagle,1,60
50,400,Steel,Dragon,5,60
60,400,Steel,Dragon,8,60
50,200,Wood,Eagle,1,60
40,200,Steel,Dragon,7,60
70,200,Steel,Dragon,7,60
50,300,Wood,Eagle,4,60
60,300,Steel,Dragon,10,60
60,300,Wood,Dragon,8,60
60,200,Wood,Eagle,2,60
40,300,Steel,Eagle,4,60
70,200,Steel,Eagle,8,60
70,200,Steel,Dragon,6,61
40,400,Wood,Dragon,8,61
70,300,Steel,Eagle,7,61
40,400,Wood,Dragon,3,61
50,200,Steel,Eagle,1,61
50,400,Steel,Dragon,6,61
60,400,Steel,Dragon,7,61
50,200,Wood,Eagle,3,61
40,200,Steel,Dragon,1,61
70,200,Steel,Dragon,3,61
50,300,Wood,Eagle,5,61
60,300,Steel,Dragon,7,61
60,300,Wood,Dragon,10,61
60,200,Wood,Eagle,2,61
40,300,Steel,Eagle,1,61
70,200,Steel,Eagle,2,61
70,200,Steel,Dragon,5,62
40,400,Wood,Dragon,1,62
70,300,Steel,Eagle,10,62
40,400,Wood,Dragon,1,62
50,200,Steel,Eagle,3,62
50,400,Steel,Dragon,2,62
60,400,Steel,Dragon,3,62
50,200,Wood,Eagle,2,62
40,200,Steel,Dragon,2,62
70,200,Steel,Dragon,6,62
50,300,Wood,Eagle,7,62
60,300,Steel,Dragon,6,62
60,300,Wood,Dragon,6,62
60,200,Wood,Eagle,5,62
40,300,Steel,Eagle,5,62
70,200,Steel,Eagle,7,62
70,200,Steel,Dragon,6,63
40,400,Wood,Dragon,7,63
70,300,Steel,Eagle,10,63
40,400,Wood,Dragon,7,63
50,200,Steel,Eagle,1,63
50,400,Steel,Dragon,7,63
60,400,Steel,Dragon,6,63
50,200,Wood,Eagle,4,63
40,200,Steel,Dragon,2,63
70,200,Steel,Dragon,6,63
50,300,Wood,Eagle,10,63
60,300,Steel,Dragon,9,63
60,300,Wood,Dragon,6,63
60,200,Wood,Eagle,1,63
40,300,Steel,Eagle,5,63
70,200,Steel,Eagle,8,63
70,200,Steel,Dragon,1,64
40,400,Wood,Dragon,7,64
70,300,Steel,Eagle,10,64
40,400,Wood,Dragon,6,64
50,200,Steel,Eagle,1,64
50,400,Steel,Dragon,3,64
60,400,Steel,Dragon,4,64
50,200,Wood,Eagle,5,64
40,200,Steel,Dragon,1,64
70,200,Steel,Dragon,9,64
50,300,Wood,Eagle,8,64
60,300,Steel,Dragon,5,64
60,300,Wood,Dragon,9,64
60,200,Wood,Eagle,5,64
40,300,Steel,Eagle,1,64
70,200,Steel,Eagle,5,64
70,200,Steel,Dragon,10,65
40,400,Wood,Dragon,5,65
70,300,Steel,Eagle,10,65
40,400,Wood,Dragon,4,65
50,200,Steel,Eagle,2,65
50,400,Steel,Dragon,6,65
60,400,Steel,Dragon,6,65
50,200,Wood,Eagle,1,65
40,200,Steel,Dragon,3,65
70,200,Steel,Dragon,10,65
50,300,Wood,Eagle,8,65
60,300,Steel,Dragon,8,65
60,300,Wood,Dragon,6,65
60,200,Wood,Eagle,3,65
40,300,Steel,Eagle,5,65
70,200,Steel,Eagle,4,65
70,200,Steel,Dragon,6,66
40,400,Wood,Dragon,7,66
70,300,Steel,Eagle,8,66
40,400,Wood,Dragon,7,66
50,200,Steel,Eagle,1,66
50,400,Steel,Dragon,7,66
60,400,Steel,Dragon,8,66
50,200,Wood,Eagle,4,66
40,200,Steel,Dragon,6,66
70,200,Steel,Dragon,6,66
50,300,Wood,Eagle,8,66
60,300,Steel,Dragon,10,66
60,300,Wood,Dragon,8,66
60,200,Wood,Eagle,5,66
40,300,Steel,Eagle,5,66
70,200,Steel,Eagle,4,66
70,200,Steel,Dragon,8,67
40,400,Wood,Dragon,6,67
70,300,Steel,Eagle,10,67
40,400,Wood,Dragon,4,67
50,200,Steel,Eagle,1,67
50,400,Steel,Dragon,2,67
60,400,Steel,Dragon,8,67
50,200,Wood,Eagle,2,67
40,200,Steel,Dragon,1,67
70,200,Steel,Dragon,7,67
50,300,Wood,Eagle,6,67
60,300,Steel,Dragon,8,67
60,300,Wood,Dragon,10,67
60,200,Wood,Eagle,4,67
40,300,Steel,Eagle,3,67
70,200,Steel,Eagle,2,67
70,200,Steel,Dragon,5,68
40,400,Wood,Dragon,1,68
70,300,Steel,Eagle,10,68
40,400,Wood,Dragon,2,68
50,200,Steel,Eagle,2,68
50,400,Steel,Dragon,4,68
60,400,Steel,Dragon,4,68
50,200,Wood,Eagle,2,68
40,200,Steel,Dragon,1,68
70,200,Steel,Dragon,7,68
50,300,Wood,Eagle,5,68
60,300,Steel,Dragon,7,68
60,300,Wood,Dragon,7,68
60,200,Wood,Eagle,3,68
40,300,Steel,Eagle,4,68
70,200,Steel,Eagle,9,68
70,200,Steel,Dragon,7,69
40,400,Wood,Dragon,2,69
70,300,Steel,Eagle,10,69
40,400,Wood,Dragon,4,69
50,200,Steel,Eagle,3,69
50,400,Steel,Dragon,4,69
60,400,Steel,Dragon,8,69
50,200,Wood,Eagle,2,69
40,200,Steel,Dragon,4,69
70,200,Steel,Dragon,6,69
50,300,Wood,Eagle,4,69
60,300,Steel,Dragon,8,69
60,300,Wood,Dragon,6,69
60,200,Wood,Eagle,1,69
40,300,Steel,Eagle,7,69
70,200,Steel,Eagle,4,69
70,200,Steel,Dragon,6,70
40,400,Wood,Dragon,9,70
70,300,Steel,Eagle,10,70
40,400,Wood,Dragon,10,70
50,200,Steel,Eagle,1,70
50,400,Steel,Dragon,6,70
60,400,Steel,Dragon,5,70
50,200,Wood,Eagle,5,70
40,200,Steel,Dragon,1,70
70,200,Steel,Dragon,7,70
50,300,Wood,Eagle,10,70
60,300,Steel,Dragon,8,70
60,300,Wood,Dragon,8,70
60,200,Wood,Eagle,8,70
40,300,Steel,Eagle,5,70
70,200,Steel,Eagle,3,70
70,200,Steel,Dragon,8,71
40,400,Wood,Dragon,6,71
70,300,Steel,Eagle,8,71
40,400,Wood,Dragon,4,71
50,200,Steel,Eagle,4,71
50,400,Steel,Dragon,3,71
60,400,Steel,Dragon,4,71
50,200,Wood,Eagle,4,71
40,200,Steel,Dragon,1,71
70,200,Steel,Dragon,8,71
50,300,Wood,Eagle,10,71
60,300,Steel,Dragon,9,71
60,300,Wood,Dragon,10,71
60,200,Wood,Eagle,6,71
40,300,Steel,Eagle,4,71
70,200,Steel,Eagle,10,71
70,200,Steel,Dragon,7,72
40,400,Wood,Dragon,5,72
70,300,Steel,Eagle,10,72
40,400,Wood,Dragon,5,72
50,200,Steel,Eagle,5,72
50,400,Steel,Dragon,4,72
60,400,Steel,Dragon,3,72
50,200,Wood,Eagle,3,72
40,200,Steel,Dragon,1,72
70,200,Steel,Dragon,1,72
50,300,Wood,Eagle,5,72
60,300,Steel,Dragon,5,72
60,300,Wood,Dragon,8,72
60,200,Wood,Eagle,4,72
40,300,Steel,Eagle,9,72
70,200,Steel,Eagle,8,72
70,200,Steel,Dragon,10,73
40,400,Wood,Dragon,6,73
70,300,Steel,Eagle,10,73
40,400,Wood,Dragon,7,73
50,200,Steel,Eagle,1,73
50,400,Steel,Dragon,7,73
60,400,Steel,Dragon,8,73
50,200,Wood,Eagle,3,73
40,200,Steel,Dragon,1,73
70,200,Steel,Dragon,7,73
50,300,Wood,Eagle,3,73
60,300,Steel,Dragon,9,73
60,300,Wood,Dragon,8,73
60,200,Wood,Eagle,2,73
40,300,Steel,Eagle,3,73
70,200,Steel,Eagle,5,73
70,200,Steel,Dragon,6,74
40,400,Wood,Dragon,4,74
70,300,Steel,Eagle,10,74
40,400,Wood,Dragon,5,74
50,200,Steel,Eagle,1,74
50,400,Steel,Dragon,5,74
60,400,Steel,Dragon,6,74
50,200,Wood,Eagle,1,74
40,200,Steel,Dragon,1,74
70,200,Steel,Dragon,8,74
50,300,Wood,Eagle,5,74
60,300,Steel,Dragon,7,74
60,300,Wood,Dragon,8,74
60,200,Wood,Eagle,2,74
40,300,Steel,Eagle,7,74
70,200,Steel,Eagle,5,74
70,200,Steel,Dragon,9,75
40,400,Wood,Dragon,5,75
70,300,Steel,Eagle,8,75
40,400,Wood,Dragon,2,75
50,200,Steel,Eagle,5,75
50,400,Steel,Dragon,7,75
60,400,Steel,Dragon,5,75
50,200,Wood,Eagle,1,75
40,200,Steel,Dragon,4,75
70,200,Steel,Dragon,7,75
50,300,Wood,Eagle,8,75
60,300,Steel,Dragon,9,75
60,300,Wood,Dragon,9,75
60,200,Wood,Eagle,4,75
40,300,Steel,Eagle,4,75
70,200,Steel,Eagle,10,75
70,200,Steel,Dragon,7,76
40,400,Wood,Dragon,3,76
70,300,Steel,Eagle,8,76
40,400,Wood,Dragon,5,76
50,200,Steel,Eagle,2,76
50,400,Steel,Dragon,3,76
60,400,Steel,Dragon,8,76
50,200,Wood,Eagle,1,76
40,200,Steel,Dragon,3,76
70,200,Steel,Dragon,7,76
50,300,Wood,Eagle,5,76
60,300,Steel,Dragon,7,76
60,300,Wood,Dragon,10,76
60,200,Wood,Eagle,4,76
40,300,Steel,Eagle,4,76
70,200,Steel,Eagle,8,76
70,200,Steel,Dragon,8,77
40,400,Wood,Dragon,1,77
70,300,Steel,Eagle,10,77
40,400,Wood,Dragon,3,77
50,200,Steel,Eagle,3,77
50,400,Steel,Dragon,4,77
60,400,Steel,Dragon,1,77
50,200,Wood,Eagle,2,77
40,200,Steel,Dragon,1,77
70,200,Steel,Dragon,7,77
50,300,Wood,Eagle,5,77
60,300,Steel,Dragon,4,77
60,300,Wood,Dragon,1,77
60,200,Wood,Eagle,1,77
40,300,Steel,Eagle,5,77
70,200,Steel,Eagle,6,77
70,200,Steel,Dragon,9,78
40,400,Wood,Dragon,4,78
70,300,Steel,Eagle,10,78
40,400,Wood,Dragon,4,78
50,200,Steel,Eagle,4,78
50,400,Steel,Dragon,3,78
60,400,Steel,Dragon,3,78
50,200,Wood,Eagle,3,78
40,200,Steel,Dragon,1,78
70,200,Steel,Dragon,7,78
50,300,Wood,Eagle,4,78
60,300,Steel,Dragon,10,78
60,300,Wood,Dragon,4,78
60,200,Wood,Eagle,4,78
40,300,Steel,Eagle,1,78
70,200,Steel,Eagle,3,78
70,200,Steel,Dragon,9,79
40,400,Wood,Dragon,3,79
70,300,Steel,Eagle,10,79
40,400,Wood,Dragon,1,79
50,200,Steel,Eagle,5,79
50,400,Steel,Dragon,2,79
60,400,Steel,Dragon,5,79
50,200,Wood,Eagle,6,79
40,200,Steel,Dragon,5,79
70,200,Steel,Dragon,4,79
50,300,Wood,Eagle,7,79
60,300,Steel,Dragon,10,79
60,300,Wood,Dragon,7,79
60,200,Wood,Eagle,6,79
40,300,Steel,Eagle,7,79
70,200,Steel,Eagle,10,79
70,200,Steel,Dragon,6,80
40,400,Wood,Dragon,2,80
70,300,Steel,Eagle,10,80
40,400,Wood,Dragon,2,80
50,200,Steel,Eagle,1,80
50,400,Steel,Dragon,3,80
60,400,Steel,Dragon,2,80
50,200,Wood,Eagle,1,80
40,200,Steel,Dragon,1,80
70,200,Steel,Dragon,4,80
50,300,Wood,Eagle,3,80
60,300,Steel,Dragon,9,80
60,300,Wood,Dragon,8,80
60,200,Wood,Eagle,5,80
40,300,Steel,Eagle,4,80
70,200,Steel,Eagle,4,80
70,200,Steel,Dragon,7,81
40,400,Wood,Dragon,2,81
70,300,Steel,Eagle,10,81
40,400,Wood,Dragon,5,81
50,200,Steel,Eagle,3,81
50,400,Steel,Dragon,2,81
60,400,Steel,Dragon,1,81
50,200,Wood,Eagle,2,81
40,200,Steel,Dragon,1,81
70,200,Steel,Dragon,5,81
50,300,Wood,Eagle,7,81
60,300,Steel,Dragon,6,81
60,300,Wood,Dragon,9,81
60,200,Wood,Eagle,5,81
40,300,Steel,Eagle,2,81
70,200,Steel,Eagle,7,81
70,200,Steel,Dragon,6,82
40,400,Wood,Dragon,1,82
70,300,Steel,Eagle,10,82
40,400,Wood,Dragon,3,82
50,200,Steel,Eagle,2,82
50,400,Steel,Dragon,4,82
60,400,Steel,Dragon,3,82
50,200,Wood,Eagle,2,82
40,200,Steel,Dragon,2,82
70,200,Steel,Dragon,5,82
50,300,Wood,Eagle,3,82
60,300,Steel,Dragon,8,82
60,300,Wood,Dragon,4,82
60,200,Wood,Eagle,1,82
40,300,Steel,Eagle,4,82
70,200,Steel,Eagle,4,82
70,200,Steel,Dragon,7,83
40,400,Wood,Dragon,7,83
70,300,Steel,Eagle,10,83
40,400,Wood,Dragon,6,83
50,200,Steel,Eagle,6,83
50,400,Steel,Dragon,6,83
60,400,Steel,Dragon,7,83
50,200,Wood,Eagle,4,83
40,200,Steel,Dragon,6,83
70,200,Steel,Dragon,8,83
50,300,Wood,Eagle,6,83
60,300,Steel,Dragon,8,83
60,300,Wood,Dragon,8,83
60,200,Wood,Eagle,1,83
40,300,Steel,Eagle,5,83
70,200,Steel,Eagle,8,83
70,200,Steel,Dragon,9,84
40,400,Wood,Dragon,5,84
70,300,Steel,Eagle,10,84
40,400,Wood,Dragon,2,84
50,200,Steel,Eagle,3,84
50,400,Steel,Dragon,6,84
60,400,Steel,Dragon,6,84
50,200,Wood,Eagle,2,84
40,200,Steel,Dragon,1,84
70,200,Steel,Dragon,10,84
50,300,Wood,Eagle,6,84
60,300,Steel,Dragon,6,84
60,300,Wood,Dragon,7,84
60,200,Wood,Eagle,1,84
40,300,Steel,Eagle,6,84
70,200,Steel,Eagle,6,84
70,200,Steel,Dragon,7,85
40,400,Wood,Dragon,3,85
70,300,Steel,Eagle,10,85
40,400,Wood,Dragon,5,85
50,200,Steel,Eagle,1,85
50,400,Steel,Dragon,6,85
60,400,Steel,Dragon,5,85
50,200,Wood,Eagle,2,85
40,200,Steel,Dragon,1,85
70,200,Steel,Dragon,5,85
50,300,Wood,Eagle,4,85
60,300,Steel,Dragon,7,85
60,300,Wood,Dragon,9,85
60,200,Wood,Eagle,1,85
40,300,Steel,Eagle,4,85
70,200,Steel,Eagle,4,85
70,200,Steel,Dragon,10,86
40,400,Wood,Dragon,3,86
70,300,Steel,Eagle,10,86
40,400,Wood,Dragon,2,86
50,200,Steel,Eagle,2,86
50,400,Steel,Dragon,5,86
60,400,Steel,Dragon,4,86
50,200,Wood,Eagle,6,86
40,200,Steel,Dragon,1,86
70,200,Steel,Dragon,5,86
50,300,Wood,Eagle,6,86
60,300,Steel,Dragon,6,86
60,300,Wood,Dragon,5,86
60,200,Wood,Eagle,5,86
40,300,Steel,Eagle,4,86
70,200,Steel,Eagle,8,86
70,200,Steel,Dragon,10,87
40,400,Wood,Dragon,5,87
70,300,Steel,Eagle,9,87
40,400,Wood,Dragon,5,87
50,200,Steel,Eagle,4,87
50,400,Steel,Dragon,5,87
60,400,Steel,Dragon,9,87
50,200,Wood,Eagle,3,87
40,200,Steel,Dragon,4,87
70,200,Steel,Dragon,10,87
50,300,Wood,Eagle,5,87
60,300,Steel,Dragon,7,87
60,300,Wood,Dragon,7,87
60,200,Wood,Eagle,1,87
40,300,Steel,Eagle,6,87
70,200,Steel,Eagle,6,87
70,200,Steel,Dragon,7,88
40,400,Wood,Dragon,4,88
70,300,Steel,Eagle,10,88
40,400,Wood,Dragon,5,88
50,200,Steel,Eagle,4,88
50,400,Steel,Dragon,1,88
60,400,Steel,Dragon,4,88
50,200,Wood,Eagle,4,88
40,200,Steel,Dragon,3,88
70,200,Steel,Dragon,8,88
50,300,Wood,Eagle,8,88
60,300,Steel,Dragon,5,88
60,300,Wood,Dragon,6,88
60,200,Wood,Eagle,1,88
40,300,Steel,Eagle,4,88
70,200,Steel,Eagle,8,88
70,200,Steel,Dragon,4,89
40,400,Wood,Dragon,4,89
70,300,Steel,Eagle,10,89
40,400,Wood,Dragon,7,89
50,200,Steel,Eagle,6,89
50,400,Steel,Dragon,8,89
60,400,Steel,Dragon,10,89
50,200,Wood,Eagle,1,89
40,200,Steel,Dragon,3,89
70,200,Steel,Dragon,6,89
50,300,Wood,Eagle,9,89
60,300,Steel,Dragon,8,89
60,300,Wood,Dragon,3,89
60,200,Wood,Eagle,8,89
40,300,Steel,Eagle,4,89
70,200,Steel,Eagle,6,89
70,200,Steel,Dragon,4,90
40,400,Wood,Dragon,1,90
70,300,Steel,Eagle,10,90
40,400,Wood,Dragon,2,90
50,200,Steel,Eagle,2,90
50,400,Steel,Dragon,4,90
60,400,Steel,Dragon,3,90
50,200,Wood,Eagle,4,90
40,200,Steel,Dragon,1,90
70,200,Steel,Dragon,6,90
50,300,Wood,Eagle,8,90
60,300,Steel,Dragon,6,90
60,300,Wood,Dragon,7,90
60,200,Wood,Eagle,2,90
40,300,Steel,Eagle,8,90
70,200,Steel,Eagle,6,90
70,200,Steel,Dragon,10,91
40,400,Wood,Dragon,4,91
70,300,Steel,Eagle,9,91
40,400,Wood,Dragon,5,91
50,200,Steel,Eagle,3,91
50,400,Steel,Dragon,7,91
60,400,Steel,Dragon,4,91
50,200,Wood,Eagle,3,91
40,200,Steel,Dragon,4,91
70,200,Steel,Dragon,10,91
50,300,Wood,Eagle,4,91
60,300,Steel,Dragon,8,91
60,300,Wood,Dragon,4,91
60,200,Wood,Eagle,1,91
40,300,Steel,Eagle,1,91
70,200,Steel,Eagle,4,91
70,200,Steel,Dragon,8,92
40,400,Wood,Dragon,5,92
70,300,Steel,Eagle,10,92
40,400,Wood,Dragon,6,92
50,200,Steel,Eagle,1,92
50,400,Steel,Dragon,5,92
60,400,Steel,Dragon,9,92
50,200,Wood,Eagle,5,92
40,200,Steel,Dragon,3,92
70,200,Steel,Dragon,9,92
50,300,Wood,Eagle,5,92
60,300,Steel,Dragon,10,92
60,300,Wood,Dragon,10,92
60,200,Wood,Eagle,3,92
40,300,Steel,Eagle,4,92
70,200,Steel,Eagle,8,92
70,200,Steel,Dragon,5,93
40,400,Wood,Dragon,3,93
70,300,Steel,Eagle,10,93
40,400,Wood,Dragon,1,93
50,200,Steel,Eagle,1,93
50,400,Steel,Dragon,3,93
60,400,Steel,Dragon,4,93
50,200,Wood,Eagle,4,93
40,200,Steel,Dragon,2,93
70,200,Steel,Dragon,7,93
50,300,Wood,Eagle,8,93
60,300,Steel,Dragon,6,93
60,300,Wood,Dragon,10,93
60,200,Wood,Eagle,6,93
40,300,Steel,Eagle,7,93
70,200,Steel,Eagle,10,93
70,200,Steel,Dragon,8,94
40,400,Wood,Dragon,6,94
70,300,Steel,Eagle,10,94
40,400,Wood,Dragon,8,94
50,200,Steel,Eagle,3,94
50,400,Steel,Dragon,4,94
60,400,Steel,Dragon,4,94
50,200,Wood,Eagle,6,94
40,200,Steel,Dragon,1,94
70,200,Steel,Dragon,5,94
50,300,Wood,Eagle,8,94
60,300,Steel,Dragon,3,94
60,300,Wood,Dragon,10,94
60,200,Wood,Eagle,6,94
40,300,Steel,Eagle,3,94
70,200,Steel,Eagle,9,94
70,200,Steel,Dragon,8,95
40,400,Wood,Dragon,5,95
70,300,Steel,Eagle,7,95
40,400,Wood,Dragon,6,95
50,200,Steel,Eagle,1,95
50,400,Steel,Dragon,7,95
60,400,Steel,Dragon,9,95
50,200,Wood,Eagle,2,95
40,200,Steel,Dragon,4,95
70,200,Steel,Dragon,5,95
50,300,Wood,Eagle,6,95
60,300,Steel,Dragon,8,95
60,300,Wood,Dragon,10,95
60,200,Wood,Eagle,5,95
40,300,Steel,Eagle,5,95
70,200,Steel,Eagle,5,95
70,200,Steel,Dragon,4,96
40,400,Wood,Dragon,1,96
70,300,Steel,Eagle,9,96
40,400,Wood,Dragon,2,96
50,200,Steel,Eagle,3,96
50,400,Steel,Dragon,3,96
60,400,Steel,Dragon,4,96
50,200,Wood,Eagle,5,96
40,200,Steel,Dragon,3,96
70,200,Steel,Dragon,6,96
50,300,Wood,Eagle,7,96
60,300,Steel,Dragon,8,96
60,300,Wood,Dragon,5,96
60,200,Wood,Eagle,2,96
40,300,Steel,Eagle,8,96
70,200,Steel,Eagle,10,96
70,200,Steel,Dragon,7,97
40,400,Wood,Dragon,4,97
70,300,Steel,Eagle,10,97
40,400,Wood,Dragon,4,97
50,200,Steel,Eagle,1,97
50,400,Steel,Dragon,4,97
60,400,Steel,Dragon,5,97
50,200,Wood,Eagle,1,97
40,200,Steel,Dragon,2,97
70,200,Steel,Dragon,6,97
50,300,Wood,Eagle,5,97
60,300,Steel,Dragon,10,97
60,300,Wood,Dragon,6,97
60,200,Wood,Eagle,4,97
40,300,Steel,Eagle,6,97
70,200,Steel,Eagle,8,97
70,200,Steel,Dragon,8,98
40,400,Wood,Dragon,5,98
70,300,Steel,Eagle,10,98
40,400,Wood,Dragon,3,98
50,200,Steel,Eagle,6,98
50,400,Steel,Dragon,5,98
60,400,Steel,Dragon,9,98
50,200,Wood,Eagle,5,98
40,200,Steel,Dragon,1,98
70,200,Steel,Dragon,7,98
50,300,Wood,Eagle,5,98
60,300,Steel,Dragon,7,98
60,300,Wood,Dragon,4,98
60,200,Wood,Eagle,6,98
40,300,Steel,Eagle,8,98
70,200,Steel,Eagle,9,98
70,200,Steel,Dragon,7,99
40,400,Wood,Dragon,1,99
70,300,Steel,Eagle,10,99
40,400,Wood,Dragon,2,99
50,200,Steel,Eagle,4,99
50,400,Steel,Dragon,5,99
60,400,Steel,Dragon,6,99
50,200,Wood,Eagle,1,99
40,200,Steel,Dragon,2,99
70,200,Steel,Dragon,7,99
50,300,Wood,Eagle,3,99
60,300,Steel,Dragon,10,99
60,300,Wood,Dragon,8,99
60,200,Wood,Eagle,4,99
40,300,Steel,Eagle,7,99
70,200,Steel,Eagle,7,99
70,200,Steel,Dragon,6,100
40,400,Wood,Dragon,2,100
70,300,Steel,Eagle,10,100
40,400,Wood,Dragon,1,100
50,200,Steel,Eagle,3,100
50,400,Steel,Dragon,6,100
60,400,Steel,Dragon,6,100
50,200,Wood,Eagle,1,100
40,200,Steel,Dragon,3,100
70,200,Steel,Dragon,8,100
50,300,Wood,Eagle,2,100
60,300,Steel,Dragon,7,100
60,300,Wood,Dragon,4,100
60,200,Wood,Eagle,1,100
40,300,Steel,Eagle,5,100
70,200,Steel,Eagle,8,100
70,200,Steel,Dragon,6,101
40,400,Wood,Dragon,7,101
70,300,Steel,Eagle,10,101
40,400,Wood,Dragon,7,101
50,200,Steel,Eagle,3,101
50,400,Steel,Dragon,8,101
60,400,Steel,Dragon,10,101
50,200,Wood,Eagle,1,101
40,200,Steel,Dragon,1,101
70,200,Steel,Dragon,9,101
50,300,Wood,Eagle,7,101
60,300,Steel,Dragon,7,101
60,300,Wood,Dragon,10,101
60,200,Wood,Eagle,7,101
40,300,Steel,Eagle,4,101
70,200,Steel,Eagle,4,101
70,200,Steel,Dragon,8,102
40,400,Wood,Dragon,7,102
70,300,Steel,Eagle,10,102
40,400,Wood,Dragon,6,102
50,200,Steel,Eagle,1,102
50,400,Steel,Dragon,7,102
60,400,Steel,Dragon,6,102
50,200,Wood,Eagle,2,102
40,200,Steel,Dragon,3,102
70,200,Steel,Dragon,8,102
50,300,Wood,Eagle,5,102
60,300,Steel,Dragon,5,102
60,300,Wood,Dragon,8,102
60,200,Wood,Eagle,3,102
40,300,Steel,Eagle,6,102
70,200,Steel,Eagle,7,102
70,200,Steel,Dragon,4,103
40,400,Wood,Dragon,4,103
70,300,Steel,Eagle,10,103
40,400,Wood,Dragon,4,103
50,200,Steel,Eagle,5,103
50,400,Steel,Dragon,4,103
60,400,Steel,Dragon,4,103
50,200,Wood,Eagle,5,103
40,200,Steel,Dragon,1,103
70,200,Steel,Dragon,3,103
50,300,Wood,Eagle,8,103
60,300,Steel,Dragon,4,103
60,300,Wood,Dragon,5,103
60,200,Wood,Eagle,6,103
40,300,Steel,Eagle,5,103
70,200,Steel,Eagle,8,103
70,200,Steel,Dragon,8,104
40,400,Wood,Dragon,3,104
70,300,Steel,Eagle,10,104
40,400,Wood,Dragon,2,104
50,200,Steel,Eagle,4,104
50,400,Steel,Dragon,5,104
60,400,Steel,Dragon,5,104
50,200,Wood,Eagle,1,104
40,200,Steel,Dragon,1,104
70,200,Steel,Dragon,8,104
50,300,Wood,Eagle,1,104
60,300,Steel,Dragon,7,104
60,300,Wood,Dragon,3,104
60,200,Wood,Eagle,3,104
40,300,Steel,Eagle,7,104
70,200,Steel,Eagle,7,104
70,200,Steel,Dragon,9,105
40,400,Wood,Dragon,2,105
70,300,Steel,Eagle,10,105
40,400,Wood,Dragon,4,105
50,200,Steel,Eagle,1,105
50,400,Steel,Dragon,7,105
60,400,Steel,Dragon,5,105
50,200,Wood,Eagle,2,105
40,200,Steel,Dragon,2,105
70,200,Steel,Dragon,6,105
50,300,Wood,Eagle,8,105
60,300,Steel,Dragon,8,105
60,300,Wood,Dragon,7,105
60,200,Wood,Eagle,3,105
40,300,Steel,Eagle,3,105
70,200,Steel,Eagle,7,105
70,200,Steel,Dragon,7,106
40,400,Wood,Dragon,5,106
70,300,Steel,Eagle,10,106
40,400,Wood,Dragon,1,106
50,200,Steel,Eagle,6,106
50,400,Steel,Dragon,6,106
60,400,Steel,Dragon,7,106
50,200,Wood,Eagle,5,106
40,200,Steel,Dragon,1,106
70,200,Steel,Dragon,7,106
50,300,Wood,Eagle,4,106
60,300,Steel,Dragon,8,106
60,300,Wood,Dragon,5,106
60,200,Wood,Eagle,1,106
40,300,Steel,Eagle,5,106
70,200,Steel,Eagle,8,106
70,200,Steel,Dragon,7,107
40,400,Wood,Dragon,7,107
70,300,Steel,Eagle,10,107
40,400,Wood,Dragon,5,107
50,200,Steel,Eagle,1,107
50,400,Steel,Dragon,9,107
60,400,Steel,Dragon,5,107
50,200,Wood,Eagle,2,107
40,200,Steel,Dragon,2,107
70,200,Steel,Dragon,5,107
50,300,Wood,Eagle,1,107
60,300,Steel,Dragon,8,107
60,300,Wood,Dragon,5,107
60,200,Wood,Eagle,1,107
40,300,Steel,Eagle,4,107
70,200,Steel,Eagle,8,107
70,200,Steel,Dragon,8,108
40,400,Wood,Dragon,3,108
70,300,Steel,Eagle,10,108
40,400,Wood,Dragon,2,108
50,200,Steel,Eagle,1,108
50,400,Steel,Dragon,5,108
60,400,Steel,Dragon,5,108
50,200,Wood,Eagle,2,108
40,200,Steel,Dragon,3,108
70,200,Steel,Dragon,10,108
50,300,Wood,Eagle,4,108
60,300,Steel,Dragon,7,108
60,300,Wood,Dragon,8,108
60,200,Wood,Eagle,1,108
40,300,Steel,Eagle,6,108
70,200,Steel,Eagle,7,108
70,200,Steel,Dragon,5,109
40,400,Wood,Dragon,2,109
70,300,Steel,Eagle,10,109
40,400,Wood,Dragon,3,109
50,200,Steel,Eagle,5,109
50,400,Steel,Dragon,9,109
60,400,Steel,Dragon,8,109
50,200,Wood,Eagle,1,109
40,200,Steel,Dragon,2,109
70,200,Steel,Dragon,7,109
50,300,Wood,Eagle,6,109
60,300,Steel,Dragon,10,109
60,300,Wood,Dragon,7,109
60,200,Wood,Eagle,3,109
40,300,Steel,Eagle,5,109
70,200,Steel,Eagle,7,109
70,200,Steel,Dragon,10,110
40,400,Wood,Dragon,5,110
70,300,Steel,Eagle,10,110
40,400,Wood,Dragon,5,110
50,200,Steel,Eagle,1,110
50,400,Steel,Dragon,8,110
60,400,Steel,Dragon,4,110
50,200,Wood,Eagle,1,110
40,200,Steel,Dragon,1,110
70,200,Steel,Dragon,8,110
50,300,Wood,Eagle,5,110
60,300,Steel,Dragon,7,110
60,300,Wood,Dragon,5,110
60,200,Wood,Eagle,3,110
40,300,Steel,Eagle,1,110
70,200,Steel,Eagle,7,110
70,200,Steel,Dragon,8,111
40,400,Wood,Dragon,7,111
70,300,Steel,Eagle,7,111
40,400,Wood,Dragon,6,111
50,200,Steel,Eagle,6,111
50,400,Steel,Dragon,4,111
60,400,Steel,Dragon,7,111
50,200,Wood,Eagle,6,111
40,200,Steel,Dragon,6,111
70,200,Steel,Dragon,5,111
50,300,Wood,Eagle,8,111
60,300,Steel,Dragon,10,111
60,300,Wood,Dragon,8,111
60,200,Wood,Eagle,1,111
40,300,Steel,Eagle,2,111
70,200,Steel,Eagle,5,111
70,200,Steel,Dragon,7,112
40,400,Wood,Dragon,1,112
70,300,Steel,Eagle,9,112
40,400,Wood,Dragon,1,112
50,200,Steel,Eagle,7,112
50,400,Steel,Dragon,6,112
60,400,Steel,Dragon,10,112
50,200,Wood,Eagle,4,112
40,200,Steel,Dragon,8,112
70,200,Steel,Dragon,9,112
50,300,Wood,Eagle,7,112
60,300,Steel,Dragon,10,112
60,300,Wood,Dragon,8,112
60,200,Wood,Eagle,6,112
40,300,Steel,Eagle,8,112
70,200,Steel,Eagle,8,112
70,200,Steel,Dragon,6,113
40,400,Wood,Dragon,7,113
70,300,Steel,Eagle,8,113
40,400,Wood,Dragon,4,113
50,200,Steel,Eagle,1,113
50,400,Steel,Dragon,4,113
60,400,Steel,Dragon,7,113
50,200,Wood,Eagle,4,113
40,200,Steel,Dragon,2,113
70,200,Steel,Dragon,4,113
50,300,Wood,Eagle,6,113
60,300,Steel,Dragon,9,113
60,300,Wood,Dragon,10,113
60,200,Wood,Eagle,6,113
40,300,Steel,Eagle,5,113
70,200,Steel,Eagle,3,113
70,200,Steel,Dragon,6,114
40,400,Wood,Dragon,4,114
70,300,Steel,Eagle,10,114
40,400,Wood,Dragon,2,114
50,200,Steel,Eagle,6,114
50,400,Steel,Dragon,5,114
60,400,Steel,Dragon,8,114
50,200,Wood,Eagle,1,114
40,200,Steel,Dragon,2,114
70,200,Steel,Dragon,7,114
50,300,Wood,Eagle,7,114
60,300,Steel,Dragon,6,114
60,300,Wood,Dragon,1,114
60,200,Wood,Eagle,4,114
40,300,Steel,Eagle,4,114
70,200,Steel,Eagle,10,114
70,200,Steel,Dragon,5,115
40,400,Wood,Dragon,3,115
70,300,Steel,Eagle,10,115
40,400,Wood,Dragon,4,115
50,200,Steel,Eagle,1,115
50,400,Steel,Dragon,2,115
60,400,Steel,Dragon,9,115
50,200,Wood,Eagle,4,115
40,200,Steel,Dragon,4,115
70,200,Steel,Dragon,9,115
50,300,Wood,Eagle,6,115
60,300,Steel,Dragon,8,115
60,300,Wood,Dragon,9,115
60,200,Wood,Eagle,7,115
40,300,Steel,Eagle,7,115
70,200,Steel,Eagle,9,115
70,200,Steel,Dragon,5,116
40,400,Wood,Dragon,4,116
70,300,Steel,Eagle,10,116
40,400,Wood,Dragon,3,116
50,200,Steel,Eagle,9,116
50,400,Steel,Dragon,3,116
60,400,Steel,Dragon,7,116
50,200,Wood,Eagle,5,116
40,200,Steel,Dragon,1,116
70,200,Steel,Dragon,7,116
50,300,Wood,Eagle,7,116
60,300,Steel,Dragon,9,116
60,300,Wood,Dragon,8,116
60,200,Wood,Eagle,5,116
40,300,Steel,Eagle,7,116
70,200,Steel,Eagle,10,116
70,200,Steel,Dragon,10,117
40,400,Wood,Dragon,1,117
70,300,Steel,Eagle,9,117
40,400,Wood,Dragon,1,117
50,200,Steel,Eagle,4,117
50,400,Steel,Dragon,5,117
60,400,Steel,Dragon,7,117
50,200,Wood,Eagle,3,117
40,200,Steel,Dragon,1,117
70,200,Steel,Dragon,7,117
50,300,Wood,Eagle,3,117
60,300,Steel,Dragon,7,117
60,300,Wood,Dragon,8,117
60,200,Wood,Eagle,4,117
40,300,Steel,Eagle,1,117
70,200,Steel,Eagle,8,117
70,200,Steel,Dragon,5,118
40,400,Wood,Dragon,9,118
70,300,Steel,Eagle,10,118
40,400,Wood,Dragon,5,118
50,200,Steel,Eagle,2,118
50,400,Steel,Dragon,6,118
60,400,Steel,Dragon,8,118
50,200,Wood,Eagle,5,118
40,200,Steel,Dragon,1,118
70,200,Steel,Dragon,7,118
50,300,Wood,Eagle,7,118
60,300,Steel,Dragon,8,118
60,300,Wood,Dragon,7,118
60,200,Wood,Eagle,5,118
40,300,Steel,Eagle,5,118
70,200,Steel,Eagle,8,118
70,200,Steel,Dragon,6,119
40,400,Wood,Dragon,1,119
70,300,Steel,Eagle,10,119
40,400,Wood,Dragon,1,119
50,200,Steel,Eagle,4,119
50,400,Steel,Dragon,5,119
60,400,Steel,Dragon,6,119
50,200,Wood,Eagle,3,119
40,200,Steel,Dragon,1,119
70,200,Steel,Dragon,5,119
50,300,Wood,Eagle,3,119
60,300,Steel,Dragon,8,119
60,300,Wood,Dragon,7,119
60,200,Wood,Eagle,5,119
40,300,Steel,Eagle,8,119
70,200,Steel,Eagle,9,119
70,200,Steel,Dragon,3,120
40,400,Wood,Dragon,3,120
70,300,Steel,Eagle,10,120
40,400,Wood,Dragon,3,120
50,200,Steel,Eagle,1,120
50,400,Steel,Dragon,4,120
60,400,Steel,Dragon,1,120
50,200,Wood,Eagle,1,120
40,200,Steel,Dragon,3,120
70,200,Steel,Dragon,3,120
50,300,Wood,Eagle,9,120
60,300,Steel,Dragon,5,120
60,300,Wood,Dragon,7,120
60,200,Wood,Eagle,2,120
40,300,Steel,Eagle,4,120
70,200,Steel,Eagle,9,120
70,200,Steel,Dragon,10,121
40,400,Wood,Dragon,3,121
70,300,Steel,Eagle,9,121
40,400,Wood,Dragon,3,121
50,200,Steel,Eagle,4,121
50,400,Steel,Dragon,8,121
60,400,Steel,Dragon,8,121
50,200,Wood,Eagle,1,121
40,200,Steel,Dragon,5,121
70,200,Steel,Dragon,10,121
50,300,Wood,Eagle,4,121
60,300,Steel,Dragon,8,121
60,300,Wood,Dragon,8,121
60,200,Wood,Eagle,2,121
40,300,Steel,Eagle,5,121
70,200,Steel,Eagle,7,121
70,200,Steel,Dragon,6,122
40,400,Wood,Dragon,2,122
70,300,Steel,Eagle,10,122
40,400,Wood,Dragon,1,122
50,200,Steel,Eagle,3,122
50,400,Steel,Dragon,5,122
60,400,Steel,Dragon,5,122
50,200,Wood,Eagle,4,122
40,200,Steel,Dragon,1,122
70,200,Steel,Dragon,5,122
50,300,Wood,Eagle,4,122
60,300,Steel,Dragon,9,122
60,300,Wood,Dragon,7,122
60,200,Wood,Eagle,1,122
40,300,Steel,Eagle,6,122
70,200,Steel,Eagle,5,122
70,200,Steel,Dragon,6,123
40,400,Wood,Dragon,7,123
70,300,Steel,Eagle,10,123
40,400,Wood,Dragon,2,123
50,200,Steel,Eagle,2,123
50,400,Steel,Dragon,4,123
60,400,Steel,Dragon,6,123
50,200,Wood,Eagle,4,123
40,200,Steel,Dragon,1,123
70,200,Steel,Dragon,10,123
50,300,Wood,Eagle,10,123
60,300,Steel,Dragon,7,123
60,300,Wood,Dragon,9,123
60,200,Wood,Eagle,7,123
40,300,Steel,Eagle,5,123
70,200,Steel,Eagle,9,123
70,200,Steel,Dragon,6,124
40,400,Wood,Dragon,6,124
70,300,Steel,Eagle,10,124
40,400,Wood,Dragon,1,124
50,200,Steel,Eagle,3,124
50,400,Steel,Dragon,6,124
60,400,Steel,Dragon,7,124
50,200,Wood,Eagle,2,124
40,200,Steel,Dragon,2,124
70,200,Steel,Dragon,5,124
50,300,Wood,Eagle,1,124
60,300,Steel,Dragon,8,124
60,300,Wood,Dragon,5,124
60,200,Wood,Eagle,3,124
40,300,Steel,Eagle,6,124
70,200,Steel,Eagle,7,124
70,200,Steel,Dragon,7,125
40,400,Wood,Dragon,4,125
70,300,Steel,Eagle,10,125
40,400,Wood,Dragon,6,125
50,200,Steel,Eagle,1,125
50,400,Steel,Dragon,7,125
60,400,Steel,Dragon,6,125
50,200,Wood,Eagle,4,125
40,200,Steel,Dragon,1,125
70,200,Steel,Dragon,7,125
50,300,Wood,Eagle,6,125
60,300,Steel,Dragon,4,125
60,300,Wood,Dragon,8,125
60,200,Wood,Eagle,3,125
40,300,Steel,Eagle,6,125
70,200,Steel,Eagle,9,125
70,200,Steel,Dragon,9,126
40,400,Wood,Dragon,3,126
70,300,Steel,Eagle,10,126
40,400,Wood,Dragon,4,126
50,200,Steel,Eagle,3,126
50,400,Steel,Dragon,7,126
60,400,Steel,Dragon,4,126
50,200,Wood,Eagle,1,126
40,200,Steel,Dragon,3,126
70,200,Steel,Dragon,10,126
50,300,Wood,Eagle,6,126
60,300,Steel,Dragon,10,126
60,300,Wood,Dragon,10,126
60,200,Wood,Eagle,1,126
40,300,Steel,Eagle,4,126
70,200,Steel,Eagle,7,126
70,200,Steel,Dragon,6,127
40,400,Wood,Dragon,4,127
70,300,Steel,Eagle,10,127
40,400,Wood,Dragon,4,127
50,200,Steel,Eagle,6,127
50,400,Steel,Dragon,1,127
60,400,Steel,Dragon,3,127
50,200,Wood,Eagle,3,127
40,200,Steel,Dragon,2,127
70,200,Steel,Dragon,4,127
50,300,Wood,Eagle,6,127
60,300,Steel,Dragon,6,127
60,300,Wood,Dragon,9,127
60,200,Wood,Eagle,1,127
40,300,Steel,Eagle,6,127
70,200,Steel,Eagle,7,127
70,200,Steel,Dragon,6,128
40,400,Wood,Dragon,4,128
70,300,Steel,Eagle,10,128
40,400,Wood,Dragon,8,128
50,200,Steel,Eagle,1,128
50,400,Steel,Dragon,7,128
60,400,Steel,Dragon,7,128
50,200,Wood,Eagle,2,128
40,200,Steel,Dragon,2,128
70,200,Steel,Dragon,6,128
50,300,Wood,Eagle,7,128
60,300,Steel,Dragon,9,128
60,300,Wood,Dragon,10,128
60,200,Wood,Eagle,4,128
40,300,Steel,Eagle,5,128
70,200,Steel,Eagle,8,128
70,200,Steel,Dragon,4,129
40,400,Wood,Dragon,1,129
70,300,Steel,Eagle,10,129
40,400,Wood,Dragon,1,129
50,200,Steel,Eagle,3,129
50,400,Steel,Dragon,1,129
60,400,Steel,Dragon,2,129
50,200,Wood,Eagle,4,129
40,200,Steel,Dragon,1,129
70,200,Steel,Dragon,3,129
50,300,Wood,Eagle,6,129
60,300,Steel,Dragon,4,129
60,300,Wood,Dragon,5,129
60,200,Wood,Eagle,4,129
40,300,Steel,Eagle,7,129
70,200,Steel,Eagle,10,129
70,200,Steel,Dragon,5,130
40,400,Wood,Dragon,6,130
70,300,Steel,Eagle,10,130
40,400,Wood,Dragon,4,130
50,200,Steel,Eagle,5,130
50,400,Steel,Dragon,2,130
60,400,Steel,Dragon,3,130
50,200,Wood,Eagle,5,130
40,200,Steel,Dragon,1,130
70,200,Steel,Dragon,5,130
50,300,Wood,Eagle,7,130
60,300,Steel,Dragon,4,130
60,300,Wood,Dragon,5,130
60,200,Wood,Eagle,7,130
40,300,Steel,Eagle,6,130
70,200,Steel,Eagle,9,130
70,200,Steel,Dragon,9,131
40,400,Wood,Dragon,1,131
70,300,Steel,Eagle,10,131
40,400,Wood,Dragon,4,131
50,200,Steel,Eagle,3,131
50,400,Steel,Dragon,5,131
60,400,Steel,Dragon,3,131
50,200,Wood,Eagle,5,131
40,200,Steel,Dragon,4,131
70,200,Steel,Dragon,8,131
50,300,Wood,Eagle,9,131
60,300,Steel,Dragon,7,131
60,300,Wood,Dragon,6,131
60,200,Wood,Eagle,6,131
40,300,Steel,Eagle,6,131
70,200,Steel,Eagle,10,131
70,200,Steel,Dragon,8,132
40,400,Wood,Dragon,4,132
70,300,Steel,Eagle,8,132
40,400,Wood,Dragon,6,132
50,200,Steel,Eagle,2,132
50,400,Steel,Dragon,5,132
60,400,Steel,Dragon,4,132
50,200,Wood,Eagle,1,132
40,200,Steel,Dragon,2,132
70,200,Steel,Dragon,10,132
50,300,Wood,Eagle,5,132
60,300,Steel,Dragon,10,132
60,300,Wood,Dragon,8,132
60,200,Wood,Eagle,2,132
40,300,Steel,Eagle,5,132
70,200,Steel,Eagle,5,132
70,200,Steel,Dragon,8,133
40,400,Wood,Dragon,5,133
70,300,Steel,Eagle,10,133
40,400,Wood,Dragon,8,133
50,200,Steel,Eagle,1,133
50,400,Steel,Dragon,10,133
60,400,Steel,Dragon,5,133
50,200,Wood,Eagle,3,133
40,200,Steel,Dragon,3,133
70,200,Steel,Dragon,8,133
50,300,Wood,Eagle,9,133
60,300,Steel,Dragon,9,133
60,300,Wood,Dragon,9,133
60,200,Wood,Eagle,4,133
40,300,Steel,Eagle,6,133
70,200,Steel,Eagle,10,133
70,200,Steel,Dragon,9,134
40,400,Wood,Dragon,4,134
70,300,Steel,Eagle,10,134
40,400,Wood,Dragon,1,134
50,200,Steel,Eagle,3,134
50,400,Steel,Dragon,2,134
60,400,Steel,Dragon,7,134
50,200,Wood,Eagle,1,134
40,200,Steel,Dragon,2,134
70,200,Steel,Dragon,4,134
50,300,Wood,Eagle,6,134
60,300,Steel,Dragon,10,134
60,300,Wood,Dragon,7,134
60,200,Wood,Eagle,4,134
40,300,Steel,Eagle,5,134
70,200,Steel,Eagle,9,134
70,200,Steel,Dragon,8,135
40,400,Wood,Dragon,1,135
70,300,Steel,Eagle,10,135
40,400,Wood,Dragon,3,135
50,200,Steel,Eagle,7,135
50,400,Steel,Dragon,7,135
60,400,Steel,Dragon,7,135
50,200,Wood,Eagle,5,135
40,200,Steel,Dragon,3,135
70,200,Steel,Dragon,8,135
50,300,Wood,Eagle,8,135
60,300,Steel,Dragon,6,135
60,300,Wood,Dragon,10,135
60,200,Wood,Eagle,9,135
40,300,Steel,Eagle,10,135
70,200,Steel,Eagle,10,135
70,200,Steel,Dragon,9,136
40,400,Wood,Dragon,9,136
70,300,Steel,Eagle,10,136
40,400,Wood,Dragon,7,136
50,200,Steel,Eagle,4,136
50,400,Steel,Dragon,9,136
60,400,Steel,Dragon,10,136
50,200,Wood,Eagle,1,136
40,200,Steel,Dragon,7,136
70,200,Steel,Dragon,9,136
50,300,Wood,Eagle,6,136
60,300,Steel,Dragon,10,136
60,300,Wood,Dragon,10,136
60,200,Wood,Eagle,6,136
40,300,Steel,Eagle,7,136
70,200,Steel,Eagle,8,136
70,200,Steel,Dragon,5,137
40,400,Wood,Dragon,2,137
70,300,Steel,Eagle,7,137
40,400,Wood,Dragon,3,137
50,200,Steel,Eagle,1,137
50,400,Steel,Dragon,7,137
60,400,Steel,Dragon,8,137
50,200,Wood,Eagle,1,137
40,200,Steel,Dragon,4,137
70,200,Steel,Dragon,8,137
50,300,Wood,Eagle,2,137
60,300,Steel,Dragon,6,137
60,300,Wood,Dragon,10,137
60,200,Wood,Eagle,1,137
40,300,Steel,Eagle,5,137
70,200,Steel,Eagle,5,137
70,200,Steel,Dragon,9,138
40,400,Wood,Dragon,5,138
70,300,Steel,Eagle,10,138
40,400,Wood,Dragon,3,138
50,200,Steel,Eagle,3,138
50,400,Steel,Dragon,2,138
60,400,Steel,Dragon,8,138
50,200,Wood,Eagle,6,138
40,200,Steel,Dragon,1,138
70,200,Steel,Dragon,5,138
50,300,Wood,Eagle,10,138
60,300,Steel,Dragon,5,138
60,300,Wood,Dragon,2,138
60,200,Wood,Eagle,4,138
40,300,Steel,Eagle,1,138
70,200,Steel,Eagle,8,138
70,200,Steel,Dragon,8,139
40,400,Wood,Dragon,7,139
70,300,Steel,Eagle,9,139
40,400,Wood,Dragon,6,139
50,200,Steel,Eagle,1,139
50,400,Steel,Dragon,4,139
60,400,Steel,Dragon,6,139
50,200,Wood,Eagle,3,139
40,200,Steel,Dragon,1,139
70,200,Steel,Dragon,10,139
50,300,Wood,Eagle,3,139
60,300,Steel,Dragon,8,139
60,300,Wood,Dragon,10,139
60,200,Wood,Eagle,2,139
40,300,Steel,Eagle,4,139
70,200,Steel,Eagle,5,139
70,200,Steel,Dragon,10,140
40,400,Wood,Dragon,5,140
70,300,Steel,Eagle,9,140
40,400,Wood,Dragon,1,140
50,200,Steel,Eagle,4,140
50,400,Steel,Dragon,7,140
60,400,Steel,Dragon,4,140
50,200,Wood,Eagle,2,140
40,200,Steel,Dragon,1,140
70,200,Steel,Dragon,8,140
50,300,Wood,Eagle,5,140
60,300,Steel,Dragon,7,140
60,300,Wood,Dragon,6,140
60,200,Wood,Eagle,1,140
40,300,Steel,Eagle,7,140
70,200,Steel,Eagle,8,140
70,200,Steel,Dragon,8,141
40,400,Wood,Dragon,4,141
70,300,Steel,Eagle,10,141
40,400,Wood,Dragon,1,141
50,200,Steel,Eagle,1,141
50,400,Steel,Dragon,5,141
60,400,Steel,Dragon,7,141
50,200,Wood,Eagle,4,141
40,200,Steel,Dragon,2,141
70,200,Steel,Dragon,3,141
50,300,Wood,Eagle,3,141
60,300,Steel,Dragon,8,141
60,300,Wood,Dragon,9,141
60,200,Wood,Eagle,7,141
40,300,Steel,Eagle,7,141
70,200,Steel,Eagle,10,141
70,200,Steel,Dragon,6,142
40,400,Wood,Dragon,3,142
70,300,Steel,Eagle,10,142
40,400,Wood,Dragon,2,142
50,200,Steel,Eagle,5,142
50,400,Steel,Dragon,2,142
60,400,Steel,Dragon,7,142
50,200,Wood,Eagle,1,142
40,200,Steel,Dragon,4,142
70,200,Steel,Dragon,8,142
50,300,Wood,Eagle,4,142
60,300,Steel,Dragon,6,142
60,300,Wood,Dragon,5,142
60,200,Wood,Eagle,5,142
40,300,Steel,Eagle,7,142
70,200,Steel,Eagle,6,142
70,200,Steel,Dragon,9,143
40,400,Wood,Dragon,4,143
70,300,Steel,Eagle,10,143
40,400,Wood,Dragon,3,143
50,200,Steel,Eagle,2,143
50,400,Steel,Dragon,7,143
60,400,Steel,Dragon,4,143
50,200,Wood,Eagle,2,143
40,200,Steel,Dragon,3,143
70,200,Steel,Dragon,9,143
50,300,Wood,Eagle,2,143
60,300,Steel,Dragon,8,143
60,300,Wood,Dragon,10,143
60,200,Wood,Eagle,1,143
40,300,Steel,Eagle,7,143
70,200,Steel,Eagle,7,143
70,200,Steel,Dragon,8,144
40,400,Wood,Dragon,5,144
70,300,Steel,Eagle,9,144
40,400,Wood,Dragon,4,144
50,200,Steel,Eagle,6,144
50,400,Steel,Dragon,10,144
60,400,Steel,Dragon,10,144
50,200,Wood,Eagle,4,144
40,200,Steel,Dragon,7,144
70,200,Steel,Dragon,8,144
50,300,Wood,Eagle,6,144
60,300,Steel,Dragon,10,144
60,300,Wood,Dragon,8,144
60,200,Wood,Eagle,1,144
40,300,Steel,Eagle,7,144
70,200,Steel,Eagle,10,144
70,200,Steel,Dragon,6,145
40,400,Wood,Dragon,1,145
70,300,Steel,Eagle,10,145
40,400,Wood,Dragon,1,145
50,200,Steel,Eagle,4,145
50,400,Steel,Dragon,1,145
60,400,Steel,Dragon,2,145
50,200,Wood,Eagle,2,145
40,200,Steel,Dragon,1,145
70,200,Steel,Dragon,9,145
50,300,Wood,Eagle,3,145
60,300,Steel,Dragon,9,145
60,300,Wood,Dragon,6,145
60,200,Wood,Eagle,2,145
40,300,Steel,Eagle,4,145
70,200,Steel,Eagle,9,145
70,200,Steel,Dragon,9,146
40,400,Wood,Dragon,7,146
70,300,Steel,Eagle,10,146
40,400,Wood,Dragon,5,146
50,200,Steel,Eagle,5,146
50,400,Steel,Dragon,7,146
60,400,Steel,Dragon,6,146
50,200,Wood,Eagle,1,146
40,200,Steel,Dragon,4,146
70,200,Steel,Dragon,8,146
50,300,Wood,Eagle,2,146
60,300,Steel,Dragon,7,146
60,300,Wood,Dragon,2,146
60,200,Wood,Eagle,1,146
40,300,Steel,Eagle,4,146
70,200,Steel,Eagle,6,146
70,200,Steel,Dragon,3,147
40,400,Wood,Dragon,1,147
70,300,Steel,Eagle,10,147
40,400,Wood,Dragon,1,147
50,200,Steel,Eagle,6,147
50,400,Steel,Dragon,5,147
60,400,Steel,Dragon,5,147
50,200,Wood,Eagle,3,147
40,200,Steel,Dragon,1,147
70,200,Steel,Dragon,5,147
50,300,Wood,Eagle,4,147
60,300,Steel,Dragon,4,147
60,300,Wood,Dragon,5,147
60,200,Wood,Eagle,6,147
40,300,Steel,Eagle,5,147
70,200,Steel,Eagle,7,147
70,200,Steel,Dragon,4,148
40,400,Wood,Dragon,4,148
70,300,Steel,Eagle,7,148
40,400,Wood,Dragon,5,148
50,200,Steel,Eagle,1,148
50,400,Steel,Dragon,1,148
60,400,Steel,Dragon,4,148
50,200,Wood,Eagle,1,148
40,200,Steel,Dragon,2,148
70,200,Steel,Dragon,4,148
50,300,Wood,Eagle,5,148
60,300,Steel,Dragon,2,148
60,300,Wood,Dragon,10,148
60,200,Wood,Eagle,3,148
40,300,Steel,Eagle,4,148
70,200,Steel,Eagle,5,148
70,200,Steel,Dragon,9,149
40,400,Wood,Dragon,2,149
70,300,Steel,Eagle,10,149
40,400,Wood,Dragon,1,149
50,200,Steel,Eagle,2,149
50,400,Steel,Dragon,4,149
60,400,Steel,Dragon,6,149
50,200,Wood,Eagle,1,149
40,200,Steel,Dragon,7,149
70,200,Steel,Dragon,10,149
50,300,Wood,Eagle,2,149
60,300,Steel,Dragon,10,149
60,300,Wood,Dragon,6,149
60,200,Wood,Eagle,4,149
40,300,Steel,Eagle,8,149
70,200,Steel,Eagle,8,149
70,200,Steel,Dragon,9,150
40,400,Wood,Dragon,4,150
70,300,Steel,Eagle,8,150
40,400,Wood,Dragon,4,150
50,200,Steel,Eagle,3,150
50,400,Steel,Dragon,6,150
60,400,Steel,Dragon,6,150
50,200,Wood,Eagle,1,150
40,200,Steel,Dragon,6,150
70,200,Steel,Dragon,10,150
50,300,Wood,Eagle,8,150
60,300,Steel,Dragon,7,150
60,300,Wood,Dragon,9,150
60,200,Wood,Eagle,5,150
40,300,Steel,Eagle,7,150
70,200,Steel,Eagle,9,150
70,200,Steel,Dragon,10,151
40,400,Wood,Dragon,3,151
70,300,Steel,Eagle,10,151
40,400,Wood,Dragon,1,151
50,200,Steel,Eagle,7,151
50,400,Steel,Dragon,4,151
60,400,Steel,Dragon,7,151
50,200,Wood,Eagle,4,151
40,200,Steel,Dragon,5,151
70,200,Steel,Dragon,7,151
50,300,Wood,Eagle,8,151
60,300,Steel,Dragon,7,151
60,300,Wood,Dragon,3,151
60,200,Wood,Eagle,6,151
40,300,Steel,Eagle,7,151
70,200,Steel,Eagle,10,151
70,200,Steel,Dragon,7,152
40,400,Wood,Dragon,6,152
70,300,Steel,Eagle,10,152
40,400,Wood,Dragon,3,152
50,200,Steel,Eagle,3,152
50,400,Steel,Dragon,7,152
60,400,Steel,Dragon,8,152
50,200,Wood,Eagle,1,152
40,200,Steel,Dragon,5,152
70,200,Steel,Dragon,10,152
50,300,Wood,Eagle,5,152
60,300,Steel,Dragon,9,152
60,300,Wood,Dragon,9,152
60,200,Wood,Eagle,2,152
40,300,Steel,Eagle,3,152
70,200,Steel,Eagle,8,152
70,200,Steel,Dragon,7,153
40,400,Wood,Dragon,3,153
70,300,Steel,Eagle,9,153
40,400,Wood,Dragon,5,153
50,200,Steel,Eagle,2,153
50,400,Steel,Dragon,4,153
60,400,Steel,Dragon,7,153
50,200,Wood,Eagle,4,153
40,200,Steel,Dragon,1,153
70,200,Steel,Dragon,6,153
50,300,Wood,Eagle,7,153
60,300,Steel,Dragon,10,153
60,300,Wood,Dragon,9,153
60,200,Wood,Eagle,1,153
40,300,Steel,Eagle,3,153
70,200,Steel,Eagle,8,153
70,200,Steel,Dragon,10,154
40,400,Wood,Dragon,1,154
70,300,Steel,Eagle,9,154
40,400,Wood,Dragon,5,154
50,200,Steel,Eagle,1,154
50,400,Steel,Dragon,7,154
60,400,Steel,Dragon,6,154
50,200,Wood,Eagle,3,154
40,200,Steel,Dragon,3,154
70,200,Steel,Dragon,10,154
50,300,Wood,Eagle,3,154
60,300,Steel,Dragon,8,154
60,300,Wood,Dragon,8,154
60,200,Wood,Eagle,2,154
40,300,Steel,Eagle,5,154
70,200,Steel,Eagle,9,154
70,200,Steel,Dragon,8,155
40,400,Wood,Dragon,4,155
70,300,Steel,Eagle,5,155
40,400,Wood,Dragon,5,155
50,200,Steel,Eagle,1,155
50,400,Steel,Dragon,6,155
60,400,Steel,Dragon,7,155
50,200,Wood,Eagle,1,155
40,200,Steel,Dragon,5,155
70,200,Steel,Dragon,10,155
50,300,Wood,Eagle,4,155
60,300,Steel,Dragon,7,155
60,300,Wood,Dragon,10,155
60,200,Wood,Eagle,3,155
40,300,Steel,Eagle,1,155
70,200,Steel,Eagle,4,155
70,200,Steel,Dragon,7,156
40,400,Wood,Dragon,10,156
70,300,Steel,Eagle,7,156
40,400,Wood,Dragon,4,156
50,200,Steel,Eagle,2,156
50,400,Steel,Dragon,5,156
60,400,Steel,Dragon,6,156
50,200,Wood,Eagle,10,156
40,200,Steel,Dragon,1,156
70,200,Steel,Dragon,10,156
50,300,Wood,Eagle,7,156
60,300,Steel,Dragon,7,156
60,300,Wood,Dragon,9,156
60,200,Wood,Eagle,7,156
40,300,Steel,Eagle,6,156
70,200,Steel,Eagle,8,156
70,200,Steel,Dragon,10,157
40,400,Wood,Dragon,7,157
70,300,Steel,Eagle,10,157
40,400,Wood,Dragon,3,157
50,200,Steel,Eagle,2,157
50,400,Steel,Dragon,5,157
60,400,Steel,Dragon,6,157
50,200,Wood,Eagle,1,157
40,200,Steel,Dragon,5,157
70,200,Steel,Dragon,9,157
50,300,Wood,Eagle,4,157
60,300,Steel,Dragon,10,157
60,300,Wood,Dragon,9,157
60,200,Wood,Eagle,1,157
40,300,Steel,Eagle,6,157
70,200,Steel,Eagle,7,157
70,200,Steel,Dragon,6,158
40,400,Wood,Dragon,5,158
70,300,Steel,Eagle,10,158
40,400,Wood,Dragon,6,158
50,200,Steel,Eagle,2,158
50,400,Steel,Dragon,4,158
60,400,Steel,Dragon,4,158
50,200,Wood,Eagle,4,158
40,200,Steel,Dragon,1,158
70,200,Steel,Dragon,8,158
50,300,Wood,Eagle,6,158
60,300,Steel,Dragon,6,158
60,300,Wood,Dragon,5,158
60,200,Wood,Eagle,4,158
40,300,Steel,Eagle,3,158
70,200,Steel,Eagle,7,158
70,200,Steel,Dragon,8,159
40,400,Wood,Dragon,4,159
70,300,Steel,Eagle,10,159
40,400,Wood,Dragon,3,159
50,200,Steel,Eagle,7,159
50,400,Steel,Dragon,8,159
60,400,Steel,Dragon,8,159
50,200,Wood,Eagle,6,159
40,200,Steel,Dragon,1,159
70,200,Steel,Dragon,7,159
50,300,Wood,Eagle,4,159
60,300,Steel,Dragon,5,159
60,300,Wood,Dragon,6,159
60,200,Wood,Eagle,6,159
40,300,Steel,Eagle,6,159
70,200,Steel,Eagle,7,159
70,200,Steel,Dragon,5,160
40,400,Wood,Dragon,3,160
70,300,Steel,Eagle,10,160
40,400,Wood,Dragon,1,160
50,200,Steel,Eagle,4,160
50,400,Steel,Dragon,5,160
60,400,Steel,Dragon,4,160
50,200,Wood,Eagle,2,160
40,200,Steel,Dragon,1,160
70,200,Steel,Dragon,6,160
50,300,Wood,Eagle,4,160
60,300,Steel,Dragon,7,160
60,300,Wood,Dragon,5,160
60,200,Wood,Eagle,2,160
40,300,Steel,Eagle,5,160
70,200,Steel,Eagle,6,160
70,200,Steel,Dragon,8,161
40,400,Wood,Dragon,7,161
70,300,Steel,Eagle,6,161
40,400,Wood,Dragon,6,161
50,200,Steel,Eagle,5,161
50,400,Steel,Dragon,10,161
60,400,Steel,Dragon,4,161
50,200,Wood,Eagle,2,161
40,200,Steel,Dragon,1,161
70,200,Steel,Dragon,8,161
50,300,Wood,Eagle,5,161
60,300,Steel,Dragon,10,161
60,300,Wood,Dragon,7,161
60,200,Wood,Eagle,2,161
40,300,Steel,Eagle,6,161
70,200,Steel,Eagle,9,161
70,200,Steel,Dragon,8,162
40,400,Wood,Dragon,3,162
70,300,Steel,Eagle,8,162
40,400,Wood,Dragon,4,162
50,200,Steel,Eagle,4,162
50,400,Steel,Dragon,6,162
60,400,Steel,Dragon,9,162
50,200,Wood,Eagle,1,162
40,200,Steel,Dragon,4,162
70,200,Steel,Dragon,10,162
50,300,Wood,Eagle,4,162
60,300,Steel,Dragon,10,162
60,300,Wood,Dragon,6,162
60,200,Wood,Eagle,1,162
40,300,Steel,Eagle,6,162
70,200,Steel,Eagle,7,162
70,200,Steel,Dragon,10,163
40,400,Wood,Dragon,1,163
70,300,Steel,Eagle,8,163
40,400,Wood,Dragon,2,163
50,200,Steel,Eagle,2,163
50,400,Steel,Dragon,7,163
60,400,Steel,Dragon,4,163
50,200,Wood,Eagle,2,163
40,200,Steel,Dragon,1,163
70,200,Steel,Dragon,8,163
50,300,Wood,Eagle,6,163
60,300,Steel,Dragon,8,163
60,300,Wood,Dragon,6,163
60,200,Wood,Eagle,5,163
40,300,Steel,Eagle,7,163
70,200,Steel,Eagle,10,163
70,200,Steel,Dragon,7,164
40,400,Wood,Dragon,2,164
70,300,Steel,Eagle,8,164
40,400,Wood,Dragon,1,164
50,200,Steel,Eagle,4,164
50,400,Steel,Dragon,10,164
60,400,Steel,Dragon,4,164
50,200,Wood,Eagle,1,164
40,200,Steel,Dragon,3,164
70,200,Steel,Dragon,10,164
50,300,Wood,Eagle,8,164
60,300,Steel,Dragon,10,164
60,300,Wood,Dragon,7,164
60,200,Wood,Eagle,4,164
40,300,Steel,Eagle,4,164
70,200,Steel,Eagle,9,164
70,200,Steel,Dragon,10,165
40,400,Wood,Dragon,3,165
70,300,Steel,Eagle,10,165
40,400,Wood,Dragon,5,165
50,200,Steel,Eagle,2,165
50,400,Steel,Dragon,5,165
60,400,Steel,Dragon,6,165
50,200,Wood,Eagle,1,165
40,200,Steel,Dragon,5,165
70,200,Steel,Dragon,10,165
50,300,Wood,Eagle,1,165
60,300,Steel,Dragon,4,165
60,300,Wood,Dragon,4,165
60,200,Wood,Eagle,1,165
40,300,Steel,Eagle,6,165
70,200,Steel,Eagle,3,165
70,200,Steel,Dragon,8,166
40,400,Wood,Dragon,2,166
70,300,Steel,Eagle,10,166
40,400,Wood,Dragon,5,166
50,200,Steel,Eagle,4,166
50,400,Steel,Dragon,5,166
60,400,Steel,Dragon,7,166
50,200,Wood,Eagle,1,166
40,200,Steel,Dragon,5,166
70,200,Steel,Dragon,8,166
50,300,Wood,Eagle,6,166
60,300,Steel,Dragon,8,166
60,300,Wood,Dragon,10,166
60,200,Wood,Eagle,2,166
40,300,Steel,Eagle,5,166
70,200,Steel,Eagle,7,166
70,200,Steel,Dragon,9,167
40,400,Wood,Dragon,7,167
70,300,Steel,Eagle,10,167
40,400,Wood,Dragon,3,167
50,200,Steel,Eagle,1,167
50,400,Steel,Dragon,10,167
60,400,Steel,Dragon,7,167
50,200,Wood,Eagle,5,167
40,200,Steel,Dragon,6,167
70,200,Steel,Dragon,5,167
50,300,Wood,Eagle,7,167
60,300,Steel,Dragon,6,167
60,300,Wood,Dragon,5,167
60,200,Wood,Eagle,1,167
40,300,Steel,Eagle,3,167
70,200,Steel,Eagle,10,167
70,200,Steel,Dragon,10,168
40,400,Wood,Dragon,2,168
70,300,Steel,Eagle,10,168
40,400,Wood,Dragon,4,168
50,200,Steel,Eagle,7,168
50,400,Steel,Dragon,3,168
60,400,Steel,Dragon,5,168
50,200,Wood,Eagle,5,168
40,200,Steel,Dragon,1,168
70,200,Steel,Dragon,8,168
50,300,Wood,Eagle,5,168
60,300,Steel,Dragon,9,168
60,300,Wood,Dragon,10,168
60,200,Wood,Eagle,4,168
40,300,Steel,Eagle,4,168
70,200,Steel,Eagle,7,168
70,200,Steel,Dragon,9,169
40,400,Wood,Dragon,2,169
70,300,Steel,Eagle,10,169
40,400,Wood,Dragon,2,169
50,200,Steel,Eagle,1,169
50,400,Steel,Dragon,4,169
60,400,Steel,Dragon,3,169
50,200,Wood,Eagle,1,169
40,200,Steel,Dragon,3,169
70,200,Steel,Dragon,9,169
50,300,Wood,Eagle,6,169
60,300,Steel,Dragon,10,169
60,300,Wood,Dragon,10,169
60,200,Wood,Eagle,2,169
40,300,Steel,Eagle,4,169
70,200,Steel,Eagle,7,169
70,200,Steel,Dragon,9,170
40,400,Wood,Dragon,6,170
70,300,Steel,Eagle,10,170
40,400,Wood,Dragon,5,170
50,200,Steel,Eagle,3,170
50,400,Steel,Dragon,6,170
60,400,Steel,Dragon,1,170
50,200,Wood,Eagle,6,170
40,200,Steel,Dragon,4,170
70,200,Steel,Dragon,8,170
50,300,Wood,Eagle,10,170
60,300,Steel,Dragon,4,170
60,300,Wood,Dragon,8,170
60,200,Wood,Eagle,2,170
40,300,Steel,Eagle,2,170
70,200,Steel,Eagle,7,170
70,200,Steel,Dragon,6,171
40,400,Wood,Dragon,4,171
70,300,Steel,Eagle,10,171
40,400,Wood,Dragon,7,171
50,200,Steel,Eagle,1,171
50,400,Steel,Dragon,7,171
60,400,Steel,Dragon,7,171
50,200,Wood,Eagle,1,171
40,200,Steel,Dragon,5,171
70,200,Steel,Dragon,6,171
50,300,Wood,Eagle,5,171
60,300,Steel,Dragon,10,171
60,300,Wood,Dragon,9,171
60,200,Wood,Eagle,3,171
40,300,Steel,Eagle,8,171
70,200,Steel,Eagle,4,171
70,200,Steel,Dragon,6,172
40,400,Wood,Dragon,3,172
70,300,Steel,Eagle,10,172
40,400,Wood,Dragon,2,172
50,200,Steel,Eagle,6,172
50,400,Steel,Dragon,3,172
60,400,Steel,Dragon,3,172
50,200,Wood,Eagle,5,172
40,200,Steel,Dragon,1,172
70,200,Steel,Dragon,6,172
50,300,Wood,Eagle,6,172
60,300,Steel,Dragon,7,172
60,300,Wood,Dragon,5,172
60,200,Wood,Eagle,3,172
40,300,Steel,Eagle,6,172
70,200,Steel,Eagle,8,172
70,200,Steel,Dragon,10,173
40,400,Wood,Dragon,7,173
70,300,Steel,Eagle,7,173
40,400,Wood,Dragon,6,173
50,200,Steel,Eagle,2,173
50,400,Steel,Dragon,9,173
60,400,Steel,Dragon,10,173
50,200,Wood,Eagle,4,173
40,200,Steel,Dragon,3,173
70,200,Steel,Dragon,7,173
50,300,Wood,Eagle,4,173
60,300,Steel,Dragon,8,173
60,300,Wood,Dragon,3,173
60,200,Wood,Eagle,1,173
40,300,Steel,Eagle,5,173
70,200,Steel,Eagle,3,173
70,200,Steel,Dragon,7,174
40,400,Wood,Dragon,8,174
70,300,Steel,Eagle,10,174
40,400,Wood,Dragon,6,174
50,200,Steel,Eagle,1,174
50,400,Steel,Dragon,2,174
60,400,Steel,Dragon,7,174
50,200,Wood,Eagle,7,174
40,200,Steel,Dragon,3,174
70,200,Steel,Dragon,5,174
50,300,Wood,Eagle,8,174
60,300,Steel,Dragon,8,174
60,300,Wood,Dragon,6,174
60,200,Wood,Eagle,7,174
40,300,Steel,Eagle,9,174
70,200,Steel,Eagle,4,174
70,200,Steel,Dragon,5,175
40,400,Wood,Dragon,7,175
70,300,Steel,Eagle,10,175
40,400,Wood,Dragon,8,175
50,200,Steel,Eagle,2,175
50,400,Steel,Dragon,5,175
60,400,Steel,Dragon,5,175
50,200,Wood,Eagle,1,175
40,200,Steel,Dragon,4,175
70,200,Steel,Dragon,7,175
50,300,Wood,Eagle,7,175
60,300,Steel,Dragon,4,175
60,300,Wood,Dragon,5,175
60,200,Wood,Eagle,2,175
40,300,Steel,Eagle,5,175
70,200,Steel,Eagle,8,175
70,200,Steel,Dragon,5,176
40,400,Wood,Dragon,4,176
70,300,Steel,Eagle,5,176
40,400,Wood,Dragon,3,176
50,200,Steel,Eagle,1,176
50,400,Steel,Dragon,6,176
60,400,Steel,Dragon,2,176
50,200,Wood,Eagle,1,176
40,200,Steel,Dragon,3,176
70,200,Steel,Dragon,7,176
50,300,Wood,Eagle,6,176
60,300,Steel,Dragon,7,176
60,300,Wood,Dragon,10,176
60,200,Wood,Eagle,3,176
40,300,Steel,Eagle,1,176
70,200,Steel,Eagle,5,176
70,200,Steel,Dragon,9,177
40,400,Wood,Dragon,3,177
70,300,Steel,Eagle,8,177
40,400,Wood,Dragon,5,177
50,200,Steel,Eagle,4,177
50,400,Steel,Dragon,5,177
60,400,Steel,Dragon,9,177
50,200,Wood,Eagle,1,177
40,200,Steel,Dragon,4,177
70,200,Steel,Dragon,5,177
50,300,Wood,Eagle,8,177
60,300,Steel,Dragon,10,177
60,300,Wood,Dragon,8,177
60,200,Wood,Eagle,2,177
40,300,Steel,Eagle,4,177
70,200,Steel,Eagle,5,177
70,200,Steel,Dragon,8,178
40,400,Wood,Dragon,6,178
70,300,Steel,Eagle,9,178
40,400,Wood,Dragon,3,178
50,200,Steel,Eagle,1,178
50,400,Steel,Dragon,2,178
60,400,Steel,Dragon,3,178
50,200,Wood,Eagle,2,178
40,200,Steel,Dragon,1,178
70,200,Steel,Dragon,3,178
50,300,Wood,Eagle,10,178
60,300,Steel,Dragon,4,178
60,300,Wood,Dragon,9,178
60,200,Wood,Eagle,5,178
40,300,Steel,Eagle,4,178
70,200,Steel,Eagle,5,178
70,200,Steel,Dragon,9,179
40,400,Wood,Dragon,5,179
70,300,Steel,Eagle,10,179
40,400,Wood,Dragon,3,179
50,200,Steel,Eagle,1,179
50,400,Steel,Dragon,4,179
60,400,Steel,Dragon,8,179
50,200,Wood,Eagle,1,179
40,200,Steel,Dragon,3,179
70,200,Steel,Dragon,7,179
50,300,Wood,Eagle,2,179
60,300,Steel,Dragon,10,179
60,300,Wood,Dragon,10,179
60,200,Wood,Eagle,2,179
40,300,Steel,Eagle,3,179
70,200,Steel,Eagle,1,179
70,200,Steel,Dragon,3,180
40,400,Wood,Dragon,7,180
70,300,Steel,Eagle,10,180
40,400,Wood,Dragon,7,180
50,200,Steel,Eagle,5,180
50,400,Steel,Dragon,5,180
60,400,Steel,Dragon,6,180
50,200,Wood,Eagle,7,180
40,200,Steel,Dragon,1,180
70,200,Steel,Dragon,5,180
50,300,Wood,Eagle,10,180
60,300,Steel,Dragon,6,180
60,300,Wood,Dragon,8,180
60,200,Wood,Eagle,7,180
40,300,Steel,Eagle,6,180
70,200,Steel,Eagle,8,180
70,200,Steel,Dragon,4,181
40,400,Wood,Dragon,3,181
70,300,Steel,Eagle,10,181
40,400,Wood,Dragon,5,181
50,200,Steel,Eagle,2,181
50,400,Steel,Dragon,1,181
60,400,Steel,Dragon,2,181
50,200,Wood,Eagle,1,181
40,200,Steel,Dragon,3,181
70,200,Steel,Dragon,7,181
50,300,Wood,Eagle,7,181
60,300,Steel,Dragon,8,181
60,300,Wood,Dragon,5,181
60,200,Wood,Eagle,4,181
40,300,Steel,Eagle,3,181
70,200,Steel,Eagle,8,181
70,200,Steel,Dragon,7,182
40,400,Wood,Dragon,5,182
70,300,Steel,Eagle,10,182
40,400,Wood,Dragon,2,182
50,200,Steel,Eagle,4,182
50,400,Steel,Dragon,6,182
60,400,Steel,Dragon,7,182
50,200,Wood,Eagle,2,182
40,200,Steel,Dragon,5,182
70,200,Steel,Dragon,7,182
50,300,Wood,Eagle,3,182
60,300,Steel,Dragon,10,182
60,300,Wood,Dragon,6,182
60,200,Wood,Eagle,1,182
40,300,Steel,Eagle,8,182
70,200,Steel,Eagle,7,182
70,200,Steel,Dragon,1,183
40,400,Wood,Dragon,1,183
70,300,Steel,Eagle,10,183
40,400,Wood,Dragon,4,183
50,200,Steel,Eagle,4,183
50,400,Steel,Dragon,2,183
60,400,Steel,Dragon,3,183
50,200,Wood,Eagle,8,183
40,200,Steel,Dragon,3,183
70,200,Steel,Dragon,3,183
50,300,Wood,Eagle,9,183
60,300,Steel,Dragon,4,183
60,300,Wood,Dragon,6,183
60,200,Wood,Eagle,8,183
40,300,Steel,Eagle,6,183
70,200,Steel,Eagle,9,183
70,200,Steel,Dragon,10,184
40,400,Wood,Dragon,5,184
70,300,Steel,Eagle,8,184
40,400,Wood,Dragon,4,184
50,200,Steel,Eagle,2,184
50,400,Steel,Dragon,7,184
60,400,Steel,Dragon,7,184
50,200,Wood,Eagle,1,184
40,200,Steel,Dragon,6,184
70,200,Steel,Dragon,8,184
50,300,Wood,Eagle,1,184
60,300,Steel,Dragon,10,184
60,300,Wood,Dragon,7,184
60,200,Wood,Eagle,1,184
40,300,Steel,Eagle,3,184
70,200,Steel,Eagle,3,184
70,200,Steel,Dragon,9,185
40,400,Wood,Dragon,4,185
70,300,Steel,Eagle,10,185
40,400,Wood,Dragon,5,185
50,200,Steel,Eagle,1,185
50,400,Steel,Dragon,5,185
60,400,Steel,Dragon,3,185
50,200,Wood,Eagle,1,185
40,200,Steel,Dragon,1,185
70,200,Steel,Dragon,7,185
50,300,Wood,Eagle,2,185
60,300,Steel,Dragon,4,185
60,300,Wood,Dragon,6,185
60,200,Wood,Eagle,1,185
40,300,Steel,Eagle,6,185
70,200,Steel,Eagle,9,185
70,200,Steel,Dragon,10,186
40,400,Wood,Dragon,8,186
70,300,Steel,Eagle,10,186
40,400,Wood,Dragon,6,186
50,200,Steel,Eagle,3,186
50,400,Steel,Dragon,6,186
60,400,Steel,Dragon,5,186
50,200,Wood,Eagle,5,186
40,200,Steel,Dragon,1,186
70,200,Steel,Dragon,10,186
50,300,Wood,Eagle,1,186
60,300,Steel,Dragon,8,186
60,300,Wood,Dragon,8,186
60,200,Wood,Eagle,5,186
40,300,Steel,Eagle,4,186
70,200,Steel,Eagle,7,186
70,200,Steel,Dragon,8,187
40,400,Wood,Dragon,4,187
70,300,Steel,Eagle,10,187
40,400,Wood,Dragon,1,187
50,200,Steel,Eagle,6,187
50,400,Steel,Dragon,2,187
60,400,Steel,Dragon,6,187
50,200,Wood,Eagle,3,187
40,200,Steel,Dragon,4,187
70,200,Steel,Dragon,8,187
50,300,Wood,Eagle,5,187
60,300,Steel,Dragon,5,187
60,300,Wood,Dragon,7,187
60,200,Wood,Eagle,3,187
40,300,Steel,Eagle,7,187
70,200,Steel,Eagle,6,187
70,200,Steel,Dragon,8,188
40,400,Wood,Dragon,10,188
70,300,Steel,Eagle,9,188
40,400,Wood,Dragon,8,188
50,200,Steel,Eagle,1,188
50,400,Steel,Dragon,7,188
60,400,Steel,Dragon,10,188
50,200,Wood,Eagle,2,188
40,200,Steel,Dragon,2,188
70,200,Steel,Dragon,7,188
50,300,Wood,Eagle,7,188
60,300,Steel,Dragon,7,188
60,300,Wood,Dragon,6,188
60,200,Wood,Eagle,5,188
40,300,Steel,Eagle,1,188
70,200,Steel,Eagle,6,188
70,200,Steel,Dragon,7,189
40,400,Wood,Dragon,7,189
70,300,Steel,Eagle,10,189
40,400,Wood,Dragon,5,189
50,200,Steel,Eagle,5,189
50,400,Steel,Dragon,5,189
60,400,Steel,Dragon,6,189
50,200,Wood,Eagle,5,189
40,200,Steel,Dragon,1,189
70,200,Steel,Dragon,7,189
50,300,Wood,Eagle,9,189
60,300,Steel,Dragon,9,189
60,300,Wood,Dragon,8,189
60,200,Wood,Eagle,9,189
40,300,Steel,Eagle,7,189
70,200,Steel,Eagle,9,189
70,200,Steel,Dragon,7,190
40,400,Wood,Dragon,3,190
70,300,Steel,Eagle,10,190
40,400,Wood,Dragon,3,190
50,200,Steel,Eagle,2,190
50,400,Steel,Dragon,1,190
60,400,Steel,Dragon,2,190
50,200,Wood,Eagle,1,190
40,200,Steel,Dragon,2,190
70,200,Steel,Dragon,3,190
50,300,Wood,Eagle,5,190
60,300,Steel,Dragon,9,190
60,300,Wood,Dragon,10,190
60,200,Wood,Eagle,3,190
40,300,Steel,Eagle,6,190
70,200,Steel,Eagle,6,190
70,200,Steel,Dragon,4,191
40,400,Wood,Dragon,6,191
70,300,Steel,Eagle,10,191
40,400,Wood,Dragon,4,191
50,200,Steel,Eagle,1,191
50,400,Steel,Dragon,5,191
60,400,Steel,Dragon,4,191
50,200,Wood,Eagle,4,191
40,200,Steel,Dragon,1,191
70,200,Steel,Dragon,5,191
50,300,Wood,Eagle,7,191
60,300,Steel,Dragon,6,191
60,300,Wood,Dragon,6,191
60,200,Wood,Eagle,3,191
40,300,Steel,Eagle,4,191
70,200,Steel,Eagle,4,191
70,200,Steel,Dragon,7,192
40,400,Wood,Dragon,2,192
70,300,Steel,Eagle,10,192
40,400,Wood,Dragon,3,192
50,200,Steel,Eagle,3,192
50,400,Steel,Dragon,6,192
60,400,Steel,Dragon,7,192
50,200,Wood,Eagle,5,192
40,200,Steel,Dragon,2,192
70,200,Steel,Dragon,7,192
50,300,Wood,Eagle,9,192
60,300,Steel,Dragon,7,192
60,300,Wood,Dragon,10,192
60,200,Wood,Eagle,1,192
40,300,Steel,Eagle,6,192
70,200,Steel,Eagle,4,192
70,200,Steel,Dragon,5,193
40,400,Wood,Dragon,3,193
70,300,Steel,Eagle,10,193
40,400,Wood,Dragon,1,193
50,200,Steel,Eagle,2,193
50,400,Steel,Dragon,4,193
60,400,Steel,Dragon,5,193
50,200,Wood,Eagle,2,193
40,200,Steel,Dragon,1,193
70,200,Steel,Dragon,7,193
50,300,Wood,Eagle,6,193
60,300,Steel,Dragon,7,193
60,300,Wood,Dragon,5,193
60,200,Wood,Eagle,1,193
40,300,Steel,Eagle,3,193
70,200,Steel,Eagle,2,193
70,200,Steel,Dragon,10,194
40,400,Wood,Dragon,1,194
70,300,Steel,Eagle,9,194
40,400,Wood,Dragon,5,194
50,200,Steel,Eagle,1,194
50,400,Steel,Dragon,10,194
60,400,Steel,Dragon,4,194
50,200,Wood,Eagle,5,194
40,200,Steel,Dragon,7,194
70,200,Steel,Dragon,10,194
50,300,Wood,Eagle,7,194
60,300,Steel,Dragon,10,194
60,300,Wood,Dragon,10,194
60,200,Wood,Eagle,1,194
40,300,Steel,Eagle,5,194
70,200,Steel,Eagle,5,194
70,200,Steel,Dragon,8,195
40,400,Wood,Dragon,10,195
70,300,Steel,Eagle,9,195
40,400,Wood,Dragon,8,195
50,200,Steel,Eagle,2,195
50,400,Steel,Dragon,5,195
60,400,Steel,Dragon,7,195
50,200,Wood,Eagle,7,195
40,200,Steel,Dragon,3,195
70,200,Steel,Dragon,9,195
50,300,Wood,Eagle,6,195
60,300,Steel,Dragon,6,195
60,300,Wood,Dragon,8,195
60,200,Wood,Eagle,5,195
40,300,Steel,Eagle,1,195
70,200,Steel,Eagle,7,195
70,200,Steel,Dragon,7,196
40,400,Wood,Dragon,2,196
70,300,Steel,Eagle,10,196
40,400,Wood,Dragon,1,196
50,200,Steel,Eagle,3,196
50,400,Steel,Dragon,4,196
60,400,Steel,Dragon,3,196
50,200,Wood,Eagle,2,196
40,200,Steel,Dragon,6,196
70,200,Steel,Dragon,9,196
50,300,Wood,Eagle,7,196
60,300,Steel,Dragon,9,196
60,300,Wood,Dragon,5,196
60,200,Wood,Eagle,3,196
40,300,Steel,Eagle,5,196
70,200,Steel,Eagle,9,196
70,200,Steel,Dragon,10,197
40,400,Wood,Dragon,6,197
70,300,Steel,Eagle,8,197
40,400,Wood,Dragon,5,197
50,200,Steel,Eagle,1,197
50,400,Steel,Dragon,7,197
60,400,Steel,Dragon,6,197
50,200,Wood,Eagle,1,197
40,200,Steel,Dragon,1,197
70,200,Steel,Dragon,9,197
50,300,Wood,Eagle,1,197
60,300,Steel,Dragon,10,197
60,300,Wood,Dragon,10,197
60,200,Wood,Eagle,3,197
40,300,Steel,Eagle,7,197
70,200,Steel,Eagle,5,197
70,200,Steel,Dragon,7,198
40,400,Wood,Dragon,3,198
70,300,Steel,Eagle,10,198
40,400,Wood,Dragon,1,198
50,200,Steel,Eagle,3,198
50,400,Steel,Dragon,6,198
60,400,Steel,Dragon,7,198
50,200,Wood,Eagle,1,198
40,200,Steel,Dragon,2,198
70,200,Steel,Dragon,10,198
50,300,Wood,Eagle,4,198
60,300,Steel,Dragon,10,198
60,300,Wood,Dragon,8,198
60,200,Wood,Eagle,1,198
40,300,Steel,Eagle,2,198
70,200,Steel,Eagle,7,198
70,200,Steel,Dragon,3,199
40,400,Wood,Dragon,7,199
70,300,Steel,Eagle,10,199
40,400,Wood,Dragon,5,199
50,200,Steel,Eagle,6,199
50,400,Steel,Dragon,4,199
60,400,Steel,Dragon,5,199
50,200,Wood,Eagle,9,199
40,200,Steel,Dragon,1,199
70,200,Steel,Dragon,2,199
50,300,Wood,Eagle,10,199
60,300,Steel,Dragon,6,199
60,300,Wood,Dragon,8,199
60,200,Wood,Eagle,6,199
40,300,Steel,Eagle,5,199
70,200,Steel,Eagle,7,199
