Segment,age,gender,income,kids,own_home,subscribe
travelers,60.794945174468516,male,57014.53752566579,0,True,False
travelers,61.764534562257936,female,43796.94125192522,0,False,False
travelers,47.49335566428094,male,51095.34468315951,0,True,False
travelers,60.96369432094057,male,56457.72223746709,0,True,True
travelers,60.594198502257754,female,103020.07079841237,0,True,False
travelers,43.92027991127709,female,80077.11952851636,0,False,False
travelers,45.50075207638464,male,59912.73879981711,0,False,False
travelers,63.19567242017931,male,25034.05432116441,0,True,False
travelers,58.064927446103205,female,50074.33353140493,0,False,False
travelers,53.11178248908241,male,78180.70135312201,0,False,False
travelers,79.65072212966456,male,32013.086823553087,0,True,False
travelers,73.25225859543539,male,84256.57020428922,0,True,False
travelers,69.12279412570824,female,99680.58974332149,0,False,False
travelers,63.41878291287573,male,42764.706485893985,0,True,False
travelers,56.06560366890389,male,72155.73075490457,0,False,False
travelers,48.28202975476449,male,11297.309231239706,0,False,False
travelers,57.276933988158014,female,47561.43294648887,0,False,False
travelers,73.26670700298062,female,70157.05867801995,0,False,False
travelers,58.84188908036466,male,57244.969315201146,0,False,False
travelers,50.23987051904296,female,62886.69280491172,0,True,False
travelers,53.37758276144686,male,36723.00173780798,0,True,False
travelers,56.837290265799815,male,55899.095064021465,0,True,False
travelers,64.36485208652562,male,102489.96687748822,0,True,False
travelers,47.43683546532349,male,60744.998098566,0,True,False
travelers,77.48266249257544,female,66789.1660316666,0,True,False
travelers,54.98367124768032,male,61363.486595869814,0,True,False
travelers,52.78404305185327,female,74968.5765377329,0,True,False
travelers,54.41047318940514,male,43238.465451162134,0,True,False
travelers,65.72532268315676,female,42760.85057047414,0,True,False
travelers,55.71599204611115,male,33215.926013955956,0,True,False
travelers,52.77626637995735,male,50645.38451999889,0,True,False
travelers,68.5112650178682,male,54623.56164942286,0,True,False
travelers,52.636086172419304,female,51649.42778963999,0,False,False
travelers,48.47631557644833,male,68646.04595717677,0,True,False
travelers,44.589387423931136,female,52168.49055179933,0,True,False
travelers,59.145292039590636,male,88645.86475778234,0,True,False
travelers,47.3770659733574,female,74694.1978688035,0,True,False
travelers,71.24615726306605,male,15249.870648642755,0,False,False
travelers,39.39593246783511,male,53841.92846466064,0,True,False
travelers,68.66129714232449,female,48149.340468994036,0,False,False
travelers,54.62267791344351,male,92317.97345693913,0,False,False
travelers,51.06475991270746,female,52506.81380034083,0,True,False
travelers,51.026166774681606,male,48515.356431229564,0,True,False
travelers,48.55204152485469,male,77294.78512174901,0,True,False
travelers,59.491757329595096,male,84974.25706778791,0,False,False
travelers,51.27470524203137,male,87999.33364783735,0,True,False
travelers,60.49594152249393,female,69696.94989214824,0,False,False
travelers,50.58665570047169,male,51650.10275045146,0,True,False
travelers,52.14880584271463,female,42703.500585627175,0,True,False
travelers,48.89226132522656,male,78957.08791919611,0,False,False
travelers,64.69414514866932,male,73038.58809592626,0,True,False
travelers,71.1722913147164,female,75554.3538417826,0,False,False
travelers,54.06046195449056,male,108830.388731949,0,True,False
travelers,62.85486154150391,female,58448.98501275214,0,False,False
travelers,50.87274242254166,male,63289.566237040184,0,False,False
travelers,69.01895592521593,male,66618.67740785619,0,False,False
travelers,57.70380174859445,male,72507.31023416997,0,False,False
travelers,60.27072056660459,male,41662.38623278676,0,True,False
travelers,67.22822939411209,female,64424.17254700686,0,True,False
travelers,54.30371019576343,male,46013.37069757565,0,True,False
travelers,47.889415406412624,female,85154.65442753413,0,True,False
travelers,48.3431992522772,male,52918.74213811261,0,True,False
travelers,63.89505361115791,male,96049.56248745824,0,False,False
travelers,56.378271239639865,male,74898.44957985562,0,True,False
travelers,70.26722689884824,male,43712.46347505834,0,True,False
travelers,74.69418879951098,male,74774.9386455514,0,True,False
travelers,57.37950200227222,male,42592.24658518249,0,False,False
travelers,59.21127594167479,male,76583.64915789252,0,True,False
travelers,57.76713181047153,male,85861.94580134719,0,True,False
travelers,58.55605583285534,male,80964.19141740946,0,False,False
travelers,52.75119025593352,male,49079.3357846556,0,True,False
travelers,61.63738932059221,male,47929.0301564351,0,True,False
travelers,49.932747898309884,female,94407.80972998611,0,True,False
travelers,59.19385685761167,female,31768.590806462795,0,False,False
travelers,54.80064070916894,male,53569.65676895022,0,True,False
travelers,44.51073668663917,male,56673.971853186085,0,True,False
travelers,53.96517212839795,male,85556.75675770457,0,True,False
travelers,48.9078898881405,female,76058.1580298431,0,True,False
travelers,72.85561092359096,male,42961.167078696344,0,True,True
travelers,65.69220487572316,female,79063.78915523038,0,True,False
suburb_mix,44.057078217919305,female,54312.575694453924,3,False,False
suburb_mix,34.284213367967126,female,67057.19218160279,1,False,False
suburb_mix,45.1594842027945,female,56306.49299111323,3,True,False
suburb_mix,41.032556927509475,male,66329.33752051466,1,False,True
suburb_mix,41.78181900224534,female,56500.41037170746,2,False,False
suburb_mix,40.94753432500865,female,78808.9941613166,0,True,False
suburb_mix,34.00943017275849,male,50768.94390851226,1,True,False
suburb_mix,53.64018160656623,female,60902.50837228782,0,False,False
suburb_mix,40.106701744722486,male,41744.9778419108,2,True,False
suburb_mix,34.1951685367668,female,43641.46408253016,3,True,False
suburb_mix,40.11381280289879,female,58682.8289577915,2,False,False
suburb_mix,35.03152991242492,female,49205.18717629105,1,True,True
suburb_mix,42.39130329877959,male,48719.08235749071,0,False,False
suburb_mix,46.49561887174248,female,54439.25233636487,0,False,False
suburb_mix,36.74246210038889,male,52519.32656122043,2,False,False
suburb_mix,48.72673537863742,male,67931.27970879136,2,False,False
suburb_mix,44.311381370989814,male,52481.92495218391,0,False,False
suburb_mix,37.64370228734329,male,54750.123113921334,3,True,False
suburb_mix,36.86720086665344,female,30069.850515495757,3,False,False
suburb_mix,31.67389257391994,male,75433.89574299587,3,True,False
suburb_mix,36.53803408766107,male,77333.37605032287,0,True,False
suburb_mix,43.31736520823718,male,50410.92309067782,2,False,True
suburb_mix,28.59991698626377,male,57897.374178174876,3,True,False
suburb_mix,36.24926232678737,female,57862.25886246242,2,True,False
suburb_mix,37.4299716856944,female,43786.816659972064,2,False,False
suburb_mix,39.479835826884795,female,49004.6419619955,3,True,False
suburb_mix,31.327343431268304,female,59973.66470698204,1,True,False
suburb_mix,45.09084575729325,female,51596.40261304404,1,False,False
suburb_mix,35.48573202733682,female,65286.997572674096,2,True,False
suburb_mix,37.11761020542924,female,47998.409690229324,3,True,False
suburb_mix,47.45669068504705,male,52152.279211563364,0,False,False
suburb_mix,43.859653160447664,male,35484.35967229691,1,False,False
suburb_mix,36.125395864227116,female,44352.96200903752,0,True,False
suburb_mix,44.622903902091096,female,58583.591223228956,3,True,False
suburb_mix,36.49755874353464,female,65743.03171365196,1,False,False
suburb_mix,35.341833865592854,male,70592.27403216186,2,False,False
suburb_mix,39.014443746512605,male,42162.093360927116,2,True,False
suburb_mix,47.2532980371371,female,49078.04327681184,1,True,False
suburb_mix,36.79478683054658,female,49841.18764247523,3,True,False
suburb_mix,37.08127900658529,female,65590.6566088318,6,False,False
suburb_mix,39.84585300395576,female,58077.92466809473,3,False,False
suburb_mix,39.910816622322066,female,45792.07569006312,2,True,False
suburb_mix,26.585919066251062,male,60375.03116265621,5,False,False
suburb_mix,40.91468092132354,male,37881.83475737519,3,True,False
suburb_mix,30.840321962290282,male,71367.45137000346,0,True,False
suburb_mix,45.32501679841476,male,42443.39691585809,4,True,False
suburb_mix,43.169215624025895,female,58238.903409635976,4,True,False
suburb_mix,28.963944787650178,female,43916.62281970055,1,True,False
suburb_mix,41.290646206713376,male,36014.40303604939,3,False,False
suburb_mix,37.5005076680922,male,48627.36060211176,2,False,False
suburb_mix,38.97878004792461,female,73968.83107405783,3,False,False
suburb_mix,40.85960224020973,male,71887.52625016969,5,False,True
suburb_mix,37.580860230691115,male,64396.3736720278,3,True,False
suburb_mix,29.095895473554577,male,44246.048357273874,0,False,False
suburb_mix,31.266195841413655,female,64295.01546615474,2,False,False
suburb_mix,40.46676265310186,male,63282.43253693059,3,True,False
suburb_mix,41.71876324940899,female,56763.44258668695,3,True,False
suburb_mix,52.09717763418099,male,62885.352972996756,1,True,True
suburb_mix,37.90377953376052,female,59192.215278885094,0,False,False
suburb_mix,36.906791782700324,male,40287.03392126943,1,False,True
suburb_mix,39.29707065069044,female,45657.10360005354,1,True,False
suburb_mix,47.85256364505311,male,46534.435071109634,1,True,False
suburb_mix,38.57675441767208,male,53858.18589342687,3,False,False
suburb_mix,33.02840228951439,female,59348.664632527114,1,False,False
suburb_mix,43.41042353774601,male,69134.87455996187,1,False,False
suburb_mix,39.5914336031838,female,49463.09336337991,1,False,False
suburb_mix,32.55854160721394,male,74805.05065566914,2,False,False
suburb_mix,33.263956692803596,female,65497.96710204431,0,True,False
suburb_mix,33.29652400078766,female,40837.02856286533,2,True,False
suburb_mix,35.89458361778671,male,71259.85294439974,1,True,False
suburb_mix,39.17406131018757,male,63271.83445300898,0,False,False
suburb_mix,46.81020006567995,male,49251.141485630316,1,True,False
suburb_mix,35.41753313715909,male,59330.84443558549,2,False,False
suburb_mix,40.02471894830378,female,55417.41251828654,5,False,False
suburb_mix,32.09576199619193,male,47534.298761602906,1,True,False
suburb_mix,31.07257342475237,female,60916.173910823636,3,False,False
suburb_mix,36.94035631385023,female,66202.36450048277,6,True,False
suburb_mix,44.89642406202564,male,74999.50204501869,1,False,False
suburb_mix,38.642546375279274,male,44142.323540152654,4,True,False
suburb_mix,43.57232663072189,female,48001.362919831416,3,False,False
suburb_mix,40.24173515836298,female,54220.657687476974,3,False,False
suburb_mix,35.366316991964155,female,53079.38088980367,2,False,False
suburb_mix,40.273652366642665,male,54546.94799286296,1,True,False
suburb_mix,39.653607456391526,male,48996.400976249366,2,True,False
suburb_mix,36.846281246573554,female,68343.30706173857,3,False,True
suburb_mix,52.76998884043844,female,50722.4298453627,1,True,False
suburb_mix,46.40892612620809,female,39953.987211848005,3,True,False
suburb_mix,43.48978209933737,female,40879.58545285907,2,True,False
suburb_mix,36.57368472912638,female,51524.287000269775,0,True,False
suburb_mix,46.61623730295079,female,57201.262954215075,1,False,False
suburb_mix,36.619184184389994,male,53424.43721090928,0,False,False
suburb_mix,34.79270794727901,female,47594.82372552724,2,False,False
suburb_mix,38.36723659358045,male,70078.08328271983,3,True,False
suburb_mix,41.39888481740839,male,37475.486563650775,3,False,False
suburb_mix,46.29576569437206,female,53989.72207185994,3,True,False
suburb_mix,39.25467452326935,female,36102.17401934075,1,False,False
suburb_mix,35.709364093739204,male,66729.7705207185,3,False,False
suburb_mix,41.894358359091555,male,86670.31531128433,1,False,False
suburb_mix,38.11699786773233,female,58863.322716465525,3,True,False
suburb_mix,47.24976257218448,male,60092.125814678715,1,False,False
moving_up,42.45560026347861,male,52090.3872673304,2,False,True
moving_up,43.23855736896462,female,50110.65046373761,0,False,False
moving_up,37.062269426211486,female,63518.69924699561,2,False,False
moving_up,32.80694597674638,female,60752.625106112464,5,False,False
moving_up,32.95335834837294,female,40651.508321404195,1,False,False
moving_up,38.12618033229004,male,54729.06702760852,2,False,False
moving_up,36.814262104391815,male,58761.94659758035,1,False,True
moving_up,36.319898489397296,female,55482.92225717657,3,False,True
moving_up,36.475458847382185,male,39396.357069710815,1,False,True
moving_up,30.27154369854508,female,45883.71658563895,2,False,False
moving_up,31.31297034016265,female,56024.463386076306,0,False,False
moving_up,33.587477739219025,female,58035.19422893827,0,True,True
moving_up,36.87999913965079,female,51103.984590317596,4,True,False
moving_up,43.45545068367885,female,53034.35343144887,0,True,False
moving_up,43.30266631911884,male,71789.13094781633,1,False,False
moving_up,31.64115660655036,female,56316.81321207229,1,False,False
moving_up,36.60382167093544,male,46876.67608151662,3,False,False
moving_up,34.19960712410335,female,55367.558235946315,2,True,True
moving_up,31.64592065776275,female,47472.2648487771,2,True,False
moving_up,31.24900435853004,female,45925.968531652965,4,True,True
moving_up,35.33038676152069,female,36515.5438158564,3,False,False
moving_up,34.29461462510241,male,62236.11453438281,5,False,False
moving_up,29.205263164085096,male,42965.303630831615,1,True,False
moving_up,40.78061221122796,female,41141.21070114068,1,True,False
moving_up,33.82477202068833,male,66997.25389612626,1,False,False
moving_up,26.70350981168039,male,63751.38157244481,3,True,False
moving_up,34.51941424380062,male,44568.525367030285,1,False,False
moving_up,41.05373675933696,female,34005.05110956262,0,False,False
moving_up,35.83078755318302,female,48120.80878905672,2,False,False
moving_up,36.16874171637473,female,51777.18001580676,0,True,False
moving_up,34.67409338345796,female,34433.886066261766,3,False,True
moving_up,43.453530707113046,female,77587.6496747114,3,False,False
moving_up,41.36685255773232,female,57874.214268390075,0,False,False
moving_up,40.83844641425116,male,53557.45247001572,2,False,False
moving_up,38.07003600335965,female,50441.762619792506,1,False,False
moving_up,33.199578732352784,male,50021.52539492632,0,False,True
moving_up,36.53436059647869,male,57287.618596747954,1,True,False
moving_up,36.957273839739045,female,37432.24249524737,1,False,False
moving_up,42.56245496846188,female,55986.748382303114,4,False,False
moving_up,26.208694493709395,female,38798.7447454474,2,False,False
moving_up,40.3407653804871,female,63007.557876738545,2,False,False
moving_up,36.477631975989794,female,47391.09707341716,1,True,False
moving_up,36.32793896342815,female,44906.315705254136,2,True,False
moving_up,39.2415755752017,female,50725.85156157693,4,True,False
moving_up,36.59425469253883,male,64110.55584282578,3,True,False
moving_up,38.010634856716905,female,59481.55454862235,3,True,False
moving_up,32.891064634060946,female,52233.2251646947,1,False,False
moving_up,30.62837344417541,male,52131.890315151315,2,True,False
moving_up,39.678206019109346,male,46421.881911428376,2,False,False
moving_up,34.05482812200726,female,62151.52008591527,2,True,False
moving_up,36.95432773726266,female,47881.743229488166,0,False,False
moving_up,33.36534773191928,female,63425.501753921104,2,False,False
moving_up,42.07815876006957,female,50902.10938693595,0,True,False
moving_up,37.98763956709564,male,41366.99943922181,4,False,False
moving_up,32.32795326846816,female,40754.86089448741,6,False,True
moving_up,29.945719660383737,female,51061.8562911567,1,False,True
moving_up,34.91179573480668,female,43526.92174058083,7,False,False
moving_up,38.621973683858926,female,41837.365147842436,3,False,False
moving_up,33.5369826350461,female,60692.83728612396,0,True,True
moving_up,37.82210913477112,male,58633.765176928595,2,False,False
moving_up,44.697211906571354,male,58823.34726224637,2,True,False
moving_up,38.81464177070748,female,46672.90853796277,1,False,True
moving_up,39.01000848897877,female,61134.4588773726,1,False,False
moving_up,39.06752931838834,female,42497.609298417556,0,True,True
moving_up,32.66265882772583,female,51154.746557296385,2,False,False
moving_up,29.33266658652633,female,46256.15444673971,1,True,False
moving_up,39.67520165479346,female,44990.354069053246,2,True,True
moving_up,38.61060231105484,male,56760.9676115979,2,False,False
moving_up,35.48817787907341,female,56165.47621365193,0,True,False
moving_up,33.990820325047366,female,47522.74775082743,2,False,False
urban_hip,23.082649479402818,male,22348.363504582452,2,False,False
urban_hip,23.62298969046282,female,12701.169526166479,0,False,False
urban_hip,29.456599101884446,male,28978.026442275717,0,False,False
urban_hip,22.5207319263368,male,27602.29166159826,1,False,False
urban_hip,21.72508554684946,male,18125.86315209014,2,False,False
urban_hip,24.635156244927256,male,27381.880987031764,0,True,False
urban_hip,23.527534664494876,female,24938.96504490311,2,False,True
urban_hip,22.581418194154185,female,23944.70316805673,1,True,False
urban_hip,26.42513260660686,male,17595.883844887452,0,False,False
urban_hip,24.398816663198,male,22073.052402095935,0,False,False
urban_hip,21.729900816376006,male,17494.999950747828,2,False,True
urban_hip,22.51585636379782,male,17685.871253642676,5,False,False
urban_hip,24.61072687175365,male,16601.05625384075,0,False,False
urban_hip,21.771149598283078,male,18490.982313478366,2,False,False
urban_hip,23.686842148089994,male,18213.331540644653,2,False,False
urban_hip,22.62164696325819,male,33633.00021692918,1,False,False
urban_hip,24.19460600515843,male,20140.53866157272,0,False,False
urban_hip,22.16631279217944,male,24870.073681788163,0,False,False
urban_hip,23.68608604594304,female,13120.00545654191,1,False,True
urban_hip,24.619286784607983,male,16587.738693037434,1,False,False
urban_hip,25.102949085636926,male,13611.080652645684,0,False,False
urban_hip,23.672414731955953,female,19442.257960070718,1,False,True
urban_hip,25.244768232474964,male,22351.423373563928,1,False,True
urban_hip,24.24283343224277,male,22287.77883558578,2,False,False
urban_hip,20.39304554719863,male,24010.37815808769,1,True,False
urban_hip,22.895612377075462,male,20725.68014554952,2,False,False
urban_hip,23.413946753617612,female,22441.364805665977,0,False,False
urban_hip,25.82087406748915,male,20974.073430177268,2,False,False
urban_hip,20.46143605281161,female,15542.883275003547,1,False,False
urban_hip,18.388730418999476,female,17163.689829507777,1,False,True
urban_hip,24.61951586512502,male,21094.498831916153,2,False,True
urban_hip,23.402235020632258,male,23875.265492687457,0,False,True
urban_hip,23.54334762986186,female,18369.196930985174,2,False,True
urban_hip,25.3143246695987,female,20275.716636813864,1,True,False
urban_hip,23.892060858161575,male,26287.079115215958,0,False,False
urban_hip,24.089157916332866,female,22461.33460162488,0,False,True
urban_hip,24.178535681484252,male,13716.60332495287,1,True,True
urban_hip,21.614217646659483,male,27464.986219491322,1,False,False
urban_hip,23.8665785269519,male,12627.000473078744,0,False,False
urban_hip,27.91507730301572,female,17795.241817560167,1,False,False
urban_hip,26.74075493153753,female,24355.441280254723,1,False,False
urban_hip,22.936701123688827,male,17641.897430377547,4,False,False
urban_hip,25.145317255510154,male,23438.052597295096,2,False,False
urban_hip,23.448808465263184,male,16108.698493950758,1,True,False
urban_hip,24.09880140822297,male,15165.947374701784,1,False,False
urban_hip,21.70013697218989,female,17373.619471593436,1,False,False
urban_hip,26.003209952607158,female,15867.871692410423,3,False,False
urban_hip,25.16881539994236,female,22233.661924636064,1,False,False
urban_hip,25.814963181179206,male,21967.913184831847,1,True,False
urban_hip,26.97810626984844,male,14188.430725599002,1,False,False
